Symbol,Series,Date,Prev Close,Open Price,High Price,Low Price,Last Price,Close,Average Price,Total Traded Quantity,Turnover,No. of Trades,Deliverable Qty,% Dly Qt to Traded Qty
EXIDEIND,EQ,21-Jan-22,177.7,176.65,179.5,174.75,176.65,176.1,177.36,2181416,386890818.4,22283,910168,41.72
EXIDEIND,EQ,24-Jan-22,176.1,175.95,177.5,170.3,173,173,173.62,2816377,488982908.2,37544,510804,36.75
EXIDEIND,EQ,25-Jan-22,173,171.4,175.75,170.05,175.5,175.15,174.08,1910925,332663230.6,25637,794975,41.6
EXIDEIND,EQ,27-Jan-22,175.15,174,176.85,171.75,173.6,173.65,173.85,3367347,585410352.1,47708,1249009,37.09
EXIDEIND,EQ,28-Jan-22,173.65,174.9,178.75,174.25,175.5,175.35,177.13,1915829,339357436.4,24066,608948,31.79
EXIDEIND,EQ,31-Jan-22,175.35,178.85,181.3,171.65,173.25,173.65,175.87,7301500,1284125767,62142,2776081,38.02
EXIDEIND,EQ,01-Feb-22,173.65,173.55,178.65,172.3,174.65,175.05,175.5,6892546,1209632180,77172,1915239,27.79
EXIDEIND,EQ,02-Feb-22,175.05,177.2,177.6,174.5,175,175.05,175.61,2443235,429044291,32259,946820,38.75
EXIDEIND,EQ,03-Feb-22,175.05,175.05,176.35,173.1,173.35,173.55,174.59,1537584,268444043.1,24495,576444,37.49
EXIDEIND,EQ,04-Feb-22,173.55,174.3,175.3,170.55,171.2,171.15,172.78,3406622,588592447,30114,1998559,58.67
EXIDEIND,EQ,07-Feb-22,171.15,170.5,171.15,166.5,167,167,167.95,3368057,565663243.2,55399,1541720,45.77
EXIDEIND,EQ,08-Feb-22,167,168.3,169.25,165.25,166.2,166.55,166.71,3906146,651176526.1,36213,2087370,53.44
EXIDEIND,EQ,09-Feb-22,166.55,167.4,168,166.4,167.3,167.25,167.17,2270689,379585187.7,32010,1192997,52.54
EXIDEIND,EQ,10-Feb-22,167.25,167.7,167.75,165.7,166.2,166.3,166.56,2019215,336317306.1,22672,1076671,53.32
EXIDEIND,EQ,11-Feb-22,166.3,165.55,166.6,163.15,163.6,163.75,164.78,2377545,391766822.6,28005,1265647,53.23
EXIDEIND,EQ,14-Feb-22,163.75,161.1,161.9,155.6,156,156.2,158.64,3533761,560580924.1,52243,1717103,48.59
EXIDEIND,EQ,15-Feb-22,156.2,157.9,159.95,154.7,159.8,159.45,157.49,3987927,628056755,40700,2109718,52.9
EXIDEIND,EQ,16-Feb-22,159.45,160.45,161.7,159.05,159.25,159.5,160.23,1690833,270916455.6,18922,655772,38.78
EXIDEIND,EQ,17-Feb-22,159.5,160.35,160.75,157.6,157.9,158.05,158.98,1243004,197618434.1,18202,549342,44.19
EXIDEIND,EQ,18-Feb-22,158.05,157.3,158.75,156.1,156.8,156.45,157.33,1432065,225308584,19699,571116,39.88
EXIDEIND,EQ,21-Feb-22,156.45,156,156.3,154,154.35,154.25,155,1531378,237361107.9,22261,649599,42.42
EXIDEIND,EQ,22-Feb-22,154.25,152.2,152.3,146,151.4,151.1,150.7,2522328,380116232.6,34898,1067732,42.33
EXIDEIND,EQ,23-Feb-22,151.1,152.5,154.1,152.45,153.1,152.95,153.33,1875620,287588372.6,20143,843849,44.99
EXIDEIND,EQ,24-Feb-22,152.95,147,149.95,140.5,142.5,141.4,144.65,4633642,670273701.8,66604,1933503,41.73
EXIDEIND,EQ,25-Feb-22,141.4,144.9,149.4,144.2,149.2,149,147.62,2338779,345244021.2,33399,878912,37.58
EXIDEIND,EQ,28-Feb-22,149,148.3,149.75,146.55,149.3,149.05,148.45,1821075,270342821.6,24983,678613,37.26
EXIDEIND,EQ,02-Mar-22,149.05,149.05,150.3,147.05,148.95,148.4,148.74,1947892,289724170.4,40104,902543,46.33
EXIDEIND,EQ,03-Mar-22,148.4,150.9,150.95,147.8,148.4,148.35,148.95,1795477,267433941.6,22256,839475,46.75
EXIDEIND,EQ,04-Mar-22,148.35,148,148,144.55,145,144.9,145.92,2448993,357345088.6,29808,987677,40.33
EXIDEIND,EQ,07-Mar-22,144.9,143.9,143.9,139.3,141.85,141.3,140.88,3048239,429447241.7,53299,1388971,45.57
EXIDEIND,EQ,08-Mar-22,141.3,139.95,145.5,139.5,145,145,142.61,1964741,280185562.3,24608,612030,31.15
EXIDEIND,EQ,09-Mar-22,145,146.45,148.65,144.7,147.95,147.95,146.68,1705458,250162931.2,23288,675110,39.59
EXIDEIND,EQ,10-Mar-22,147.95,150.95,153.75,150.25,151.3,151.2,151.59,2753399,417375358.1,29032,667428,24.24
EXIDEIND,EQ,11-Mar-22,151.2,152.65,156.35,152.25,153.5,153.65,153.99,4255136,655262040.1,38769,1134995,26.67
EXIDEIND,EQ,14-Mar-22,153.65,154.35,155,152.05,154.5,154.65,153.85,1586858,244130198.5,20875,603621,38.04
EXIDEIND,EQ,15-Mar-22,154.65,155,156.6,152.7,153.9,154,155.05,2121787,328989506.7,25479,697939,32.89
EXIDEIND,EQ,16-Mar-22,154,155.9,157.25,155.35,156.35,156.3,156.1,1643101,256495903.9,17082,680411,41.41
EXIDEIND,EQ,17-Mar-22,156.3,158.9,158.9,155.25,156.45,156.3,156.92,2197416,344819812.6,21274,1153885,52.51
EXIDEIND,EQ,21-Mar-22,156.3,158.5,158.5,154.25,154.85,154.85,155.66,2357568,366975459.9,32264,1017838,43.17
EXIDEIND,EQ,22-Mar-22,154.85,154.5,155.5,152.8,155,154.85,154.13,1458193,224750934.9,16767,585476,40.15
EXIDEIND,EQ,23-Mar-22,154.85,155.1,156.45,154,154.4,154.45,155.02,2597898,402716078.3,31036,1568207,60.36
EXIDEIND,EQ,24-Mar-22,154.45,154,155.65,153.5,154.05,154.2,154.61,1288337,199194429.6,15616,609278,47.29
EXIDEIND,EQ,25-Mar-22,154.2,156.95,156.95,153,153.2,153.45,154.61,3175129,490913762.4,30264,935838,29.47
EXIDEIND,EQ,28-Mar-22,153.45,153.25,154.35,150.45,151.55,151.85,152.02,2231228,339197235.2,23741,811887,36.39
EXIDEIND,EQ,29-Mar-22,151.85,152.2,153.55,151.2,151.4,151.45,152.27,3796038,578004752.8,45334,2095513,55.2
EXIDEIND,EQ,30-Mar-22,151.45,152.8,154,151.9,152.8,152.5,152.82,2040777,311870811.7,20746,1023472,50.15
EXIDEIND,EQ,31-Mar-22,152.5,153.55,153.55,150.8,151.1,151.1,151.67,2049867,310902720.8,23892,1065466,51.98
EXIDEIND,EQ,01-Apr-22,151.1,151.5,157.95,151.5,157.6,156.9,155.29,3801333,590324695.3,29949,2168315,57.04
EXIDEIND,EQ,04-Apr-22,156.9,158.2,159.5,157.3,159.1,158.95,158.44,3022655,478912669.8,38146,1513503,50.07
EXIDEIND,EQ,05-Apr-22,158.95,159.95,160.8,159.5,159.6,159.75,160.19,2140968,342961095.2,27997,862364,40.28
EXIDEIND,EQ,06-Apr-22,159.75,159.2,160.7,158.5,159.45,159.25,159.72,1863123,297570898.6,26012,826668,44.37
EXIDEIND,EQ,07-Apr-22,159.25,159.9,162.25,159.1,160.25,160.35,160.58,2314220,371621448.8,24277,836499,36.15
EXIDEIND,EQ,08-Apr-22,160.35,161.45,162.8,160.35,161.9,162.05,161.73,2085265,337239949.8,18433,655994,31.46
EXIDEIND,EQ,11-Apr-22,162.05,162.05,162.65,160.6,161,160.85,161.53,1549324,250263186.7,23406,785692,50.71
EXIDEIND,EQ,12-Apr-22,160.85,160.75,160.75,155.7,156.55,156.4,157.28,2247249,353453028.7,27251,1024291,45.58
EXIDEIND,EQ,13-Apr-22,156.4,157.45,157.65,156,156.9,156.95,156.79,1588239,249018290,17477,737691,46.45
EXIDEIND,EQ,18-Apr-22,156.95,156.95,156.95,153.45,154.7,154.95,154.76,1526215,236198642.5,19512,574413,37.64
EXIDEIND,EQ,19-Apr-22,154.95,155.75,157,151.25,151.55,152.7,154.86,1451744,224814967.7,22492,749131,51.6
EXIDEIND,EQ,20-Apr-22,152.7,153.9,155.25,152.8,155,154.5,154.33,1761163,271805462.5,25788,786530,44.66
EXIDEIND,EQ,21-Apr-22,154.5,155.35,156.8,155,156.7,156.45,155.95,1531942,238906706.4,21287,773195,50.47
EXIDEIND,EQ,22-Apr-22,156.45,155.6,157.75,155.2,156.4,156.4,156.75,1362397,213551396.5,16929,510820,37.49
EXIDEIND,EQ,25-Apr-22,156.4,154.95,155.45,151.2,151.7,151.6,152.47,1982241,302239261.7,27668,799120,40.31
EXIDEIND,EQ,26-Apr-22,151.6,153.4,154.8,152.6,154.4,154.3,153.53,1605289,246461359.7,32282,666386,41.51
EXIDEIND,EQ,27-Apr-22,154.3,153,155.2,151.7,152.7,152.85,153.45,1613361,247576045.4,26302,624199,38.69
EXIDEIND,EQ,28-Apr-22,152.85,153.45,154,152.85,153.8,153.65,153.39,1116564,171274473.5,21146,403949,36.18
EXIDEIND,EQ,29-Apr-22,153.65,154.4,155.2,153,153.15,153.2,154.28,1486323,229307248.8,39155,630931,42.45
EXIDEIND,EQ,02-May-22,153.2,151.5,152.75,150.2,151.4,151.55,151.43,1460717,221199452.6,37585,505242,34.59
EXIDEIND,EQ,04-May-22,151.55,153.9,156.4,151.25,152.55,152.3,154.26,2678850,413245162.3,34450,666345,24.87
EXIDEIND,EQ,05-May-22,152.3,153.1,154.6,146.85,148.35,148.9,150.77,5813442,876474455,46830,1150738,19.79
EXIDEIND,EQ,06-May-22,148.9,148,148,144.3,147,146.25,146.12,3180288,464704631.6,35015,1115872,35.09
EXIDEIND,EQ,09-May-22,146.25,146.75,149.65,143.5,148.65,148.4,147.33,3986943,587406280.9,42909,1346749,33.78
EXIDEIND,EQ,10-May-22,148.4,148.75,149.95,145.5,145.7,145.7,147.37,1479316,218007848.1,25174,538280,36.39
EXIDEIND,EQ,11-May-22,145.7,145.9,147.25,141.5,144.25,144.2,144.21,2268665,327154077.5,24651,864830,38.12
EXIDEIND,EQ,12-May-22,144.2,144.1,144.1,139.55,141.45,141,141.2,2244896,316970371.4,28826,816227,36.36
EXIDEIND,EQ,13-May-22,141,142.1,145.65,141.75,142.05,142.15,144.11,1910199,275277129,24154,558744,29.25
EXIDEIND,EQ,16-May-22,142.15,142.45,143.95,141.75,142.95,142.95,142.96,1403248,200614040.8,18607,444940,31.71
EXIDEIND,EQ,17-May-22,142.95,144.3,145.4,142.35,145.4,144.95,144.01,1986247,286036470,24625,854281,43.01
EXIDEIND,EQ,18-May-22,144.95,145.9,146.7,144,144.7,144.75,145.32,1335082,194012482.4,15717,427327,32.01
EXIDEIND,EQ,19-May-22,144.75,142.5,143.2,140.8,141.95,141.65,141.85,1771514,251286565,25540,809548,45.7
EXIDEIND,EQ,20-May-22,141.65,142.65,144.5,142.65,144.4,144.1,143.91,1500335,215911029.9,18194,619461,41.29
EXIDEIND,EQ,23-May-22,144.1,144.8,145.4,142.8,143.2,143.3,143.95,1583855,227993870.5,21150,589891,37.24
EXIDEIND,EQ,24-May-22,143.3,143,143.9,140,141,140.95,141.87,1453667,206234178.5,18910,551223,37.92
EXIDEIND,EQ,25-May-22,140.95,141.5,141.5,138,138.3,138.1,139.28,1731999,241234898.4,24748,731579,42.24
EXIDEIND,EQ,26-May-22,138.1,138.3,143.25,135.4,142.95,142.6,138.85,3889470,540054721.9,32485,1847754,47.51
EXIDEIND,EQ,27-May-22,142.6,144.45,145.05,142.3,145.05,144.85,143.78,1579598,227119356,15327,543986,34.44
EXIDEIND,EQ,30-May-22,144.85,146,148.1,145.4,147.55,147.55,146.92,1374867,202001379,15932,514542,37.42
EXIDEIND,EQ,31-May-22,147.55,147.5,148.5,145.8,146.4,146.45,146.74,1801425,264338863.6,15524,822611,45.66
EXIDEIND,EQ,01-Jun-22,146.45,146.5,148.2,146.25,147.5,147.15,147.32,926990,136564676.4,9296,271333,29.27
EXIDEIND,EQ,02-Jun-22,147.15,146.6,147.5,146.35,147.4,147.3,146.97,626338,92053173.25,8231,186154,29.72
EXIDEIND,EQ,03-Jun-22,147.3,148.5,148.55,146.75,147,147.3,147.52,1232890,181876754.9,10315,635509,51.55
EXIDEIND,EQ,06-Jun-22,147.3,147.8,147.8,144.55,146.4,146.55,145.81,910292,132728343.3,10739,274248,30.13
EXIDEIND,EQ,07-Jun-22,146.55,146,149.2,145.4,148.65,148.25,146.97,1457374,214186480.3,16450,634378,43.53
EXIDEIND,EQ,08-Jun-22,148.25,148.65,150.5,145.7,148.2,148.3,148.39,2186311,324418038.2,18168,623495,28.52
EXIDEIND,EQ,09-Jun-22,148.3,147.65,148.7,147,148.2,147.85,147.71,698093,103115892.4,7950,276221,39.57
EXIDEIND,EQ,10-Jun-22,147.85,146.5,147.85,145.85,146.75,146.8,146.76,1141617,167540374.5,10620,480806,42.12
EXIDEIND,EQ,13-Jun-22,146.8,145,145.1,140.8,141.2,141.05,142.37,1517156,216000163.9,22387,570826,37.62
EXIDEIND,EQ,14-Jun-22,141.05,140,142.75,139.55,140.35,140.25,141.19,1069176,150960572,14259,327681,30.65
EXIDEIND,EQ,15-Jun-22,140.25,140.8,141.8,140,141.2,141.2,141.2,650646,91873587.3,9058,223318,34.32
EXIDEIND,EQ,16-Jun-22,141.2,142,143.1,138,138.85,138.4,139.88,1197543,167510148.1,15737,443485,37.03
EXIDEIND,EQ,17-Jun-22,138.4,138.25,139.25,135.4,136.25,136.1,137.04,1400057,191870336.8,19892,514884,36.78
EXIDEIND,EQ,20-Jun-22,136.1,136.65,137.6,130.25,132.4,131.85,132.79,1961598,260482166.2,25814,670752,34.19
EXIDEIND,EQ,21-Jun-22,131.85,132.55,136.9,131.75,136.9,136.4,134.71,1958388,263807562,17262,728284,37.19
EXIDEIND,EQ,22-Jun-22,136.4,136.8,136.8,133.8,134.4,134.35,134.68,1244161,167561202.7,20745,521850,41.94
EXIDEIND,EQ,23-Jun-22,134.35,134.5,136.65,133.6,136.5,136.2,134.95,1601047,216059131.7,15283,576267,51.47
EXIDEIND,EQ,24-Jun-22,136.2,136.9,138.05,135.6,136.9,137.1,136.59,1990508,271887221.6,17451,1088817,54.7
EXIDEIND,EQ,27-Jun-22,137.1,138.75,140,137.3,139.35,139.05,138.47,1989026,275411784.5,16036,916114,46.06
EXIDEIND,EQ,28-Jun-22,139.05,138.8,140.5,137.05,140,140.25,138.9,1437947,199730878,15538,485398,33.76
EXIDEIND,EQ,29-Jun-22,140.25,138.95,140.4,138.25,139.6,139.35,139.53,887864,123887686.7,9609,256492,28.89
EXIDEIND,EQ,30-Jun-22,139.35,139.35,141.25,137.3,137.35,137.8,138.99,1178214,163765745.2,12118,321282,27.27
EXIDEIND,EQ,01-Jul-22,137.8,137.5,141.95,136.8,141.95,141.4,139.38,854228,119061784.6,10337,268649,31.45
EXIDEIND,EQ,04-Jul-22,141.4,141.8,143,141,142.55,142.8,142.14,677338,96278275.2,8647,230696,34.06
EXIDEIND,EQ,05-Jul-22,142.8,143.5,144.8,140.2,140.45,140.75,142.53,1351442,192614829.3,14217,565827,41.87
EXIDEIND,EQ,06-Jul-22,140.75,140.8,142.35,140.45,141.75,141.8,141.44,776610,109840778,9025,206358,26.57
EXIDEIND,EQ,07-Jul-22,141.8,142.8,145.05,142.25,144.8,144.75,144.1,1772418,255406668.2,16205,488227,27.55
EXIDEIND,EQ,08-Jul-22,144.75,146.2,146.7,144.2,145.15,145.15,145.28,938157,136292292.3,11875,291149,31.03
EXIDEIND,EQ,11-Jul-22,145.15,144.05,152.5,143.8,152,151.7,150.26,4301660,646383861.8,35267,1506464,35.02
EXIDEIND,EQ,12-Jul-22,151.7,151.7,152.75,150.05,150.95,151.3,151.43,2035898,308298951.3,18200,448876,22.05
EXIDEIND,EQ,13-Jul-22,151.3,151.55,152.55,149.55,150.2,150.35,150.8,1110565,167470033.5,12887,297559,26.79
EXIDEIND,EQ,14-Jul-22,150.35,150,151.05,147.4,148.9,148.8,149.44,1426001,213104331.5,14021,642599,45.06
EXIDEIND,EQ,15-Jul-22,148.8,149.05,150.7,148.1,148.8,149.45,149.7,1093784,163740072.3,15080,430326,39.34
EXIDEIND,EQ,18-Jul-22,149.45,150,150.5,148.75,149.5,149.3,149.43,1340864,200366892.2,12268,462538,34.5
EXIDEIND,EQ,19-Jul-22,149.3,149.1,152,149.1,150.6,150.65,150.93,1642861,247952104.6,15470,603828,36.75
EXIDEIND,EQ,20-Jul-22,150.65,151.75,152,149.6,150.2,150.35,150.89,1109024,167339642.6,11432,417990,37.69
EXIDEIND,EQ,21-Jul-22,150.35,150.4,152.85,149.35,152.05,152,151.69,1648004,249979122.7,13468,723136,43.88
EXIDEIND,EQ,22-Jul-22,152,153,153.1,150.3,150.7,150.85,151.39,1087730,164667026.4,10707,441119,40.55
EXIDEIND,EQ,25-Jul-22,150.85,151.6,151.9,149.75,150.8,150.8,150.81,1257932,189713554,11462,422372,33.58
EXIDEIND,EQ,26-Jul-22,150.8,150.2,151.95,149.45,149.9,150.1,150.59,1236041,186137735.3,10912,442053,35.76
EXIDEIND,EQ,27-Jul-22,150.1,150,157,150,155.9,156.1,155.28,6150245,954994313.9,41865,1781544,28.97
EXIDEIND,EQ,28-Jul-22,156.1,157,158,154.95,155.8,156,156.37,2844227,444759323.6,21243,825349,29.02
EXIDEIND,EQ,29-Jul-22,156,156.5,161.65,156.2,158.4,158.5,159.14,10515406,1673427612,70939,2394291,22.77
EXIDEIND,EQ,01-Aug-22,158.5,160.8,161.9,157.1,157.75,158.2,159.26,4905156,781204468.9,36259,1833875,37.39
EXIDEIND,EQ,02-Aug-22,158.2,158,158.95,154.7,157.95,158.25,157.37,2030331,319520362.9,20666,544459,26.82
EXIDEIND,EQ,03-Aug-22,158.25,158.25,158.45,155.7,157.3,157.4,156.98,1786056,280371838.3,13762,631487,35.36
EXIDEIND,EQ,04-Aug-22,157.4,157,158.2,154.15,156.1,156.5,156.27,1955013,305519417.2,18030,609445,31.17
EXIDEIND,EQ,05-Aug-22,156.5,156.5,158.2,156.05,156.15,156.4,157.05,1354483,212726826.8,13504,437864,32.33
EXIDEIND,EQ,08-Aug-22,156.4,156.6,158.5,155.85,158,158,157.3,2590856,407546784.7,20005,1049163,40.49
EXIDEIND,EQ,10-Aug-22,158,158,158.6,156.3,157.1,157.05,157.18,1192483,187431206.5,19872,520763,43.67
EXIDEIND,EQ,11-Aug-22,157.05,158.5,160.9,157.5,158.9,159.15,159.24,2389107,380437673,22496,1046383,43.8
EXIDEIND,EQ,12-Aug-22,159.15,159.8,160.6,158.9,159.15,159.2,159.8,1969282,314692312.4,15973,990307,50.29
EXIDEIND,EQ,16-Aug-22,159.2,160,165.4,159.5,164.35,164.25,163.18,6168706,1006589384,46608,2531049,41.03
EXIDEIND,EQ,17-Aug-22,164.25,164.95,165.5,162.75,163.1,163.25,163.96,2549675,418040631.8,23475,1186838,46.55
EXIDEIND,EQ,18-Aug-22,163.25,163.8,164.65,162.5,164.35,164.2,163.56,1881569,307744229,15546,880693,46.81
EXIDEIND,EQ,19-Aug-22,164.2,164.2,164.45,159,159.5,160.2,161.67,2439965,394467652.7,23955,1246414,51.08
EXIDEIND,EQ,22-Aug-22,160.2,159,159.5,153.65,154.25,154.3,155.89,2795140,435724889.4,31185,1122978,40.18
EXIDEIND,EQ,23-Aug-22,154.3,153.2,156.65,152.9,156.4,156.3,155.49,1308903,203515387.9,13952,484884,37.05
EXIDEIND,EQ,24-Aug-22,156.3,156.3,158.1,155.45,158,157.8,156.92,1147919,180126983.9,13343,435912,37.97
EXIDEIND,EQ,25-Aug-22,157.8,158.65,159.95,157.6,157.9,158.05,158.88,1544589,245407222.6,16459,475737,30.8
EXIDEIND,EQ,26-Aug-22,158.05,158.65,162.25,158.65,161,160.9,161.19,2531421,408033523.9,20001,872748,34.48
EXIDEIND,EQ,29-Aug-22,160.9,156.5,160.85,156.3,159.95,159.7,158.96,1543185,245300958.4,15788,552215,35.78
EXIDEIND,EQ,30-Aug-22,159.7,160.3,161.5,159.65,160.5,160.55,160.5,1358768,218078157.8,12569,653107,48.07
EXIDEIND,EQ,01-Sep-22,160.55,159.4,160.55,157.5,159.75,159.75,159.29,1819043,289759343.8,15162,894510,49.17
EXIDEIND,EQ,02-Sep-22,159.75,159.75,161.2,158,159.4,159.4,159.72,1977138,315784856.1,16144,825320,41.74
EXIDEIND,EQ,05-Sep-22,159.4,160,173.4,159.65,172.55,172.4,168.96,20519525,3466933170,115721,6035870,29.42
EXIDEIND,EQ,06-Sep-22,172.4,173.8,175.8,171.7,173.8,173.95,173.4,8585867,1488750937,56032,2445457,28.48
EXIDEIND,EQ,07-Sep-22,173.95,172,174.75,170.25,171.15,171.15,172.53,4075337,703122763.8,30250,1715599,42.1
EXIDEIND,EQ,08-Sep-22,171.15,172.4,173.8,168.7,170,169.8,170.32,2519858,429190494.6,22499,1057160,41.95
EXIDEIND,EQ,09-Sep-22,169.8,170.45,173.55,169.9,171.1,171.2,171.73,3878081,665969665.4,23553,1705576,43.98
EXIDEIND,EQ,12-Sep-22,171.2,172.7,176.45,171.6,174.45,174.35,174.59,4462912,779185336.4,35966,1959899,43.92
EXIDEIND,EQ,13-Sep-22,174.35,175.7,176.8,174.45,175.25,175.45,175.55,3088176,542135833.1,26932,1502716,48.66
EXIDEIND,EQ,14-Sep-22,175.45,171.2,175,171.15,173.25,173.1,173.39,3827679,663698014.6,27694,2047774,53.5
EXIDEIND,EQ,15-Sep-22,173.1,173.45,174.5,170.85,173.3,173.45,172.69,3185362,550087778.9,21088,1746526,54.83
EXIDEIND,EQ,16-Sep-22,173.45,173.8,174.25,166.7,167.45,167.4,168.77,5517575,931188226.6,39508,3027514,54.87
EXIDEIND,EQ,19-Sep-22,167.4,167.4,168.3,164.4,165.6,165.5,166,2473225,410561039.9,23752,785772,31.77
EXIDEIND,EQ,20-Sep-22,165.5,166.75,169.55,166.05,166.65,166.4,167.73,2246675,376845074,18153,884743,39.38
EXIDEIND,EQ,21-Sep-22,166.4,166.1,167.45,162,162.75,162.8,163.84,2917909,478073749.6,26078,1403246,48.09
EXIDEIND,EQ,22-Sep-22,162.8,162.3,163.95,159.65,161.05,161.05,161.31,2491845,401958106,26302,799709,32.09
EXIDEIND,EQ,23-Sep-22,161.05,162,162.5,157.8,158.6,158.35,159.72,2468501,394278660.2,27513,926670,37.54
EXIDEIND,EQ,26-Sep-22,158.35,158,158.45,152.7,154.2,154.5,154.73,2521787,390196404.5,28979,910791,36.12
EXIDEIND,EQ,27-Sep-22,154.5,155.05,158.5,153,157.75,157.4,156.16,3745978,584979422,30988,1516631,45.76
EXIDEIND,EQ,28-Sep-22,157.4,156.75,157.4,154.8,155.4,155.8,156.16,2993689,467503901,21978,1537012,51.34
EXIDEIND,EQ,29-Sep-22,155.8,157,157.55,153.55,155.35,154.5,155.03,2500303,387632530.4,22730,1185127,47.4
EXIDEIND,EQ,30-Sep-22,154.5,154.05,157.65,154,156.7,156.95,156.08,1601745,250006424,14581,486868,30.4
EXIDEIND,BL,03-Oct-22,215.65,156.95,156.95,156.95,156.95,156.95,156.95,818246,128423709.7,1,-,-
EXIDEIND,EQ,03-Oct-22,156.95,156.9,157.7,153.2,154,153.7,155.31,1772744,275327174.8,18621,615541,34.72
EXIDEIND,EQ,04-Oct-22,153.7,155.9,157.25,155.25,156.6,156.5,156.42,1662915,260119618.6,15561,745470,44.83
EXIDEIND,EQ,06-Oct-22,156.5,159.65,160.2,157.25,158,157.7,158.51,2254876,357418237.2,26978,993250,44.05
EXIDEIND,EQ,07-Oct-22,157.7,157.8,158.3,156.05,157.3,157.2,156.87,1987207,311732775.3,23959,810545,40.79
EXIDEIND,EQ,10-Oct-22,157.2,157.2,157.6,154.35,157.3,156.95,155.92,1682424,262318521.7,17660,642240,38.17
EXIDEIND,EQ,11-Oct-22,156.95,157.35,157.35,153.85,154.05,154.25,155.49,1129277,175596457.3,13696,533602,47.25
EXIDEIND,EQ,12-Oct-22,154.25,154.95,156.05,152.75,155.45,155.7,154.26,1640059,253000679.2,16383,595236,36.29
EXIDEIND,EQ,13-Oct-22,155.7,155.95,156.95,153.35,155.35,155.15,154.58,1623608,250976258.8,18275,556892,34.3
EXIDEIND,EQ,14-Oct-22,155.15,157.15,158.5,153.95,154.6,154.25,156.16,1244166,194289313,13176,461635,37.1
EXIDEIND,BL,17-Oct-22,156.95,154.25,154.25,154.25,154.25,154.25,154.25,1257246,193930195.5,1,-,-
EXIDEIND,EQ,17-Oct-22,154.25,154.5,155.65,153.1,154.95,154.7,154.64,1060022,163923022.3,16501,375213,35.4
EXIDEIND,EQ,18-Oct-22,154.7,155.75,156.4,154.65,155.8,155.7,155.5,981337,152598161,11224,329969,33.62
EXIDEIND,EQ,19-Oct-22,155.7,155.7,157.9,154.95,156.1,155.8,156.34,1714101,267976641.3,9766,595215,34.72
EXIDEIND,EQ,20-Oct-22,155.8,155.75,157.3,154.55,157.05,157,155.8,1195631,186277955.8,10412,408018,34.13
EXIDEIND,EQ,21-Oct-22,157,158.1,161.5,157.55,158.95,159,159.61,2732131,436067608.5,29307,789291,31.11
EXIDEIND,EQ,24-Oct-22,159,162,162,159,160.2,159.8,160.19,511234,81892870.25,8365,244281,47.78
EXIDEIND,EQ,25-Oct-22,159.8,160,166.1,159.25,163.95,164.15,163.56,2989594,488975929.1,26441,1036709,34.68
EXIDEIND,EQ,27-Oct-22,164.15,164.25,166.8,162.7,166.55,166.45,164.88,2659836,438546740.9,25739,1137598,42.77
EXIDEIND,EQ,28-Oct-22,166.45,167,167.5,163.9,165.25,165.1,165.44,1730490,286292339.8,17682,605444,48.9
EXIDEIND,EQ,31-Oct-22,165.1,165.25,166.85,165.25,165.55,165.75,166.03,1327747,220452168.1,14314,566554,42.67
EXIDEIND,EQ,01-Nov-22,165.75,166,166.9,164.7,166.25,166.05,165.93,1257707,208687992.7,15873,581119,46.2
EXIDEIND,EQ,02-Nov-22,166.05,166,166.5,164.65,165,165.25,165.45,1310601,216837201.8,12700,677565,51.7
EXIDEIND,EQ,03-Nov-22,165.25,164.05,166.3,163.75,164.75,164.85,164.98,1013714,167247286.7,9876,426207,42.04
EXIDEIND,EQ,04-Nov-22,164.85,167.5,177.75,167.5,175.3,175.55,174.72,18321325,3201170587,120293,4384642,23.93
EXIDEIND,EQ,07-Nov-22,175.55,176.5,179.15,174.5,176.8,176.9,176.99,5805787,1027574271,41404,1931260,33.26
EXIDEIND,EQ,09-Nov-22,176.9,176.9,177.15,173.05,174.2,174.55,174.59,3403993,594319689.8,29656,1233200,36.23
EXIDEIND,EQ,10-Nov-22,174.55,173.95,178.5,173.6,175.5,176.15,176.18,4294982,756692249.9,34428,1373354,31.98
EXIDEIND,EQ,11-Nov-22,176.15,177.5,178.85,168.75,171.4,170.85,174.83,8841054,1545703589,61212,1582883,17.9
EXIDEIND,EQ,14-Nov-22,170.85,171.9,180,170.65,179.2,179.3,177.44,9130844,1620193603,63202,2488709,27.26
EXIDEIND,EQ,15-Nov-22,179.3,180.4,184.95,178.05,181.8,181.85,182.68,9044124,1652162600,62564,2732721,30.22
EXIDEIND,EQ,16-Nov-22,181.85,181.95,184.5,179.8,181.85,182.15,182.79,5716223,1044885307,43170,2584014,49.58
EXIDEIND,EQ,17-Nov-22,182.15,182.7,187.2,182,186.35,186.7,186,9337439,1736780237,77987,3608524,38.65
EXIDEIND,EQ,18-Nov-22,186.7,187,188,183.5,184,184.25,185.3,4832127,895401724.4,39361,1966072,40.69
EXIDEIND,EQ,21-Nov-22,184.25,184.25,184.85,181.15,182.25,182.5,182.63,3117750,569382181.8,29474,1342579,43.06
EXIDEIND,EQ,22-Nov-22,182.5,182.4,183.35,181.4,182,181.95,182.08,2545415,463463531.8,25562,1444027,56.73
EXIDEIND,EQ,23-Nov-22,181.95,182.15,184.15,181.25,182.05,182.7,182.76,3620927,661767528.3,55146,2112187,58.33
EXIDEIND,EQ,24-Nov-22,182.7,183.1,183.5,180.2,182.15,181.85,181.77,2180968,396436975,23748,1042655,47.81
EXIDEIND,EQ,25-Nov-22,181.85,181.8,186.65,181.7,185.5,185.55,184.86,4220729,780255069.9,34522,1975015,46.79
EXIDEIND,EQ,28-Nov-22,185.55,185.9,188.4,184.15,185.2,185.7,186.3,3076130,573091964.8,25919,1209918,39.33
EXIDEIND,EQ,29-Nov-22,185.7,185.7,187.2,184.15,185.5,185.9,186.11,2820098,524855006.4,30904,1425620,50.55
EXIDEIND,EQ,30-Nov-22,185.9,186,190.35,185.55,188.9,188.85,188.6,5349195,1008837957,47728,2381286,44.52
EXIDEIND,EQ,01-Dec-22,188.85,189.15,190.15,187.1,187.65,188.25,188.54,3046514,574399908.5,30518,1567549,51.45
EXIDEIND,EQ,02-Dec-22,188.25,187.35,191.5,187.3,190.5,190.6,190.44,5571324,1060993459,45153,3035911,54.49
EXIDEIND,EQ,05-Dec-22,190.6,191.15,192.45,189.05,191.25,191.6,191.25,4492358,859157877.4,35747,2508832,55.85
EXIDEIND,EQ,06-Dec-22,191.6,190.55,192.2,190.55,191.7,191.65,191.32,2496415,477609285.3,22097,1612927,64.61
EXIDEIND,EQ,07-Dec-22,191.65,191.65,192.7,189.25,190.6,190.6,190.87,1797948,343175012.4,21398,882816,49.1
EXIDEIND,EQ,08-Dec-22,190.6,190.05,193.65,190.05,193,193.05,192.64,2843937,547868597.7,23743,1476463,51.92
EXIDEIND,EQ,09-Dec-22,193.05,193.15,194.2,188.75,191.55,191.45,191.28,3610100,690549752.3,32691,2126430,58.9
EXIDEIND,EQ,12-Dec-22,191.45,191.5,191.75,189,191,191.2,190.47,2457058,467988511.1,27640,1466820,59.7
EXIDEIND,EQ,13-Dec-22,191.2,191.65,193.2,190.35,192.3,192.15,191.87,2148935,412318156.5,40394,1253252,58.32
EXIDEIND,EQ,14-Dec-22,192.15,192.3,193.35,191,192,192.05,192.18,2043083,392633833.1,19578,1163537,56.95
EXIDEIND,EQ,15-Dec-22,192.05,191.9,192.9,190,190.25,191.05,191.52,1737746,332818309.9,15564,893768,51.43
EXIDEIND,EQ,16-Dec-22,191.05,189.9,191.45,186.7,188.9,189.55,189.26,2928687,554294873.5,30191,1465441,50.04
EXIDEIND,EQ,19-Dec-22,189.55,189.5,191,187.55,190,190.2,189.67,1527291,289681971.2,20523,840813,55.05
EXIDEIND,EQ,20-Dec-22,190.2,190.4,191.35,187.6,191,190.5,189.53,1636538,310172537.5,22974,780485,47.69
EXIDEIND,EQ,21-Dec-22,190.5,190.55,192.55,185.85,186.4,187.15,188.89,2430068,459023323,31438,1080250,44.45
EXIDEIND,EQ,22-Dec-22,187.15,187.2,188.7,182.6,183.65,183.9,184.54,2835248,523215071.8,26139,1549845,54.66
EXIDEIND,EQ,23-Dec-22,183.9,181.15,182.5,176.6,177.2,177.35,179.42,3412607,612284693.6,43808,1694639,49.66
EXIDEIND,EQ,26-Dec-22,177.35,177.1,181.7,174.85,181,180.7,179.87,2636180,474179340.1,23290,1197986,45.44
EXIDEIND,EQ,27-Dec-22,180.7,181.1,182.25,177.35,178.2,177.95,178.96,1821141,325913807.4,22568,769081,42.23
EXIDEIND,EQ,28-Dec-22,177.95,178.7,178.7,175.8,178,177.9,177.25,1853427,328526662.8,18056,707245,38.16
EXIDEIND,EQ,29-Dec-22,177.9,177.9,177.9,175.9,177.4,177.2,176.94,1694901,299887476.6,13135,836535,49.36
EXIDEIND,EQ,30-Dec-22,177.2,178,181.8,177.95,180.75,180.25,180.61,2298320,415089267.4,24212,848463,36.92
EXIDEIND,EQ,02-Jan-23,180.25,181,181.75,179.65,181.5,181.4,180.95,1333139,241225611.6,16186,555006,41.63
EXIDEIND,EQ,03-Jan-23,181.4,182,183,179.5,180.65,180.9,181.04,1729484,313105957.5,21981,734543,42.47
EXIDEIND,EQ,04-Jan-23,180.9,180.65,181.05,176.9,179,179.2,178.83,1956913,349957267.1,22217,1018225,52.03
EXIDEIND,EQ,05-Jan-23,179.2,179.25,181.55,178.55,180.5,180.6,180.09,1362043,245283921,14543,527730,38.75
EXIDEIND,EQ,06-Jan-23,180.6,180.5,181.6,177.75,178.65,178.4,179.98,1453876,261672798.2,12705,374213,25.74
EXIDEIND,EQ,09-Jan-23,178.4,179,181.35,178.8,180.6,180.8,180.18,1205955,217291907,25845,565770,46.91
EXIDEIND,EQ,10-Jan-23,180.8,182.2,183.1,179.1,181,181,181.44,2079610,377330871.6,20462,974155,46.84
EXIDEIND,EQ,11-Jan-23,181,181.1,184.3,181.1,183,183,183.02,1978023,362021489.2,19550,970725,49.08
EXIDEIND,EQ,12-Jan-23,183,184.1,185.5,181.7,182.4,182.65,183.52,2496914,458243525.5,27419,914795,36.64
EXIDEIND,EQ,13-Jan-23,182.65,182.8,184.05,181.55,182.85,183.05,183.01,1124171,205737978.7,19803,554275,49.31
EXIDEIND,EQ,16-Jan-23,183.05,182.4,185.5,181.9,183.4,183.05,183.3,1761103,322813224,30783,886185,50.32
EXIDEIND,EQ,17-Jan-23,183.05,182.35,184.6,182.35,184.1,184.25,183.81,2163936,397743751,12568,1340987,61.97
EXIDEIND,EQ,18-Jan-23,184.25,184.2,185.6,183.35,185,185,184.46,2053428,378782368,16289,1194037,58.15
EXIDEIND,EQ,19-Jan-23,185,183.9,191.35,183.4,189.1,189.5,188.38,6627616,1248483185,59885,3524759,53.18
EXIDEIND,EQ,20-Jan-23,189.5,190.05,190.45,185.4,186,186.5,187.36,2166966,405994921.3,17329,1011749,46.69
