,ds,trend,yhat_lower,yhat_upper,trend_lower,trend_upper,additive_terms,additive_terms_lower,additive_terms_upper,weekly,weekly_lower,weekly_upper,multiplicative_terms,multiplicative_terms_lower,multiplicative_terms_upper,yhat
0,2022-01-21,168.56720839305476,158.02388600326267,176.05195968424397,168.56720839305476,168.56720839305476,-1.3803023533539784,-1.3803023533539784,-1.3803023533539784,-1.3803023533539784,-1.3803023533539784,-1.3803023533539784,0.0,0.0,0.0,167.18690603970077
1,2022-01-24,167.89070561188865,157.10195746460053,174.6165278615238,167.89070561188865,167.89070561188865,-2.0168434891514693,-2.0168434891514693,-2.0168434891514693,-2.0168434891514693,-2.0168434891514693,-2.0168434891514693,0.0,0.0,0.0,165.8738621227372
2,2022-01-25,167.6652046848333,156.8062835852092,176.1564220998422,167.6652046848333,167.6652046848333,-1.1118323366430802,-1.1118323366430802,-1.1118323366430802,-1.1118323366430802,-1.1118323366430802,-1.1118323366430802,0.0,0.0,0.0,166.5533723481902
3,2022-01-27,167.21420283072254,156.8630080850829,174.20824609290986,167.21420283072254,167.21420283072254,-1.5674611702419092,-1.5674611702419092,-1.5674611702419092,-1.5674611702419092,-1.5674611702419092,-1.5674611702419092,0.0,0.0,0.0,165.64674166048064
4,2022-01-28,166.9887019036672,157.66298347776006,174.55103669912089,166.9887019036672,166.9887019036672,-1.3803023533499004,-1.3803023533499004,-1.3803023533499004,-1.3803023533499004,-1.3803023533499004,-1.3803023533499004,0.0,0.0,0.0,165.6083995503173
5,2022-01-31,166.31219912250106,155.58864491366134,172.65295639445338,166.31219912250106,166.31219912250106,-2.016843489154669,-2.016843489154669,-2.016843489154669,-2.016843489154669,-2.016843489154669,-2.016843489154669,0.0,0.0,0.0,164.2953556333464
6,2022-02-01,166.0866981954457,155.5691344375953,173.07234824453514,166.0866981954457,166.0866981954457,-1.1118323366423843,-1.1118323366423843,-1.1118323366423843,-1.1118323366423843,-1.1118323366423843,-1.1118323366423843,0.0,0.0,0.0,164.97486585880333
7,2022-02-02,165.86119726839033,155.20249936459723,173.4262576953121,165.86119726839033,165.86119726839033,-1.151640862492554,-1.151640862492554,-1.151640862492554,-1.151640862492554,-1.151640862492554,-1.151640862492554,0.0,0.0,0.0,164.70955640589779
8,2022-02-03,165.63569634133495,155.0637839382959,173.13098549455304,165.63569634133495,165.63569634133495,-1.5674611702439343,-1.5674611702439343,-1.5674611702439343,-1.5674611702439343,-1.5674611702439343,-1.5674611702439343,0.0,0.0,0.0,164.068235171091
9,2022-02-04,165.4101954101746,155.36095307982197,172.84296753749024,165.4101954101746,165.4101954101746,-1.380302353367035,-1.380302353367035,-1.380302353367035,-1.380302353367035,-1.380302353367035,-1.380302353367035,0.0,0.0,0.0,164.02989305680757
10,2022-02-07,164.7336926166935,154.17518388421013,171.17482177380575,164.7336926166935,164.7336926166935,-2.0168434891578686,-2.0168434891578686,-2.0168434891578686,-2.0168434891578686,-2.0168434891578686,-2.0168434891578686,0.0,0.0,0.0,162.71684912753562
11,2022-02-08,164.50819168553312,154.67344028149788,171.54424354308705,164.50819168553312,164.50819168553312,-1.111832336640769,-1.111832336640769,-1.111832336640769,-1.111832336640769,-1.111832336640769,-1.111832336640769,0.0,0.0,0.0,163.39635934889236
12,2022-02-09,164.28269075437274,153.85663935783654,171.95104953334337,164.28269075437274,164.28269075437274,-1.151640862491002,-1.151640862491002,-1.151640862491002,-1.151640862491002,-1.151640862491002,-1.151640862491002,0.0,0.0,0.0,163.13104989188173
13,2022-02-10,164.05718982321238,153.00032469153626,171.29524144588208,164.05718982321238,164.05718982321238,-1.5674611702356998,-1.5674611702356998,-1.5674611702356998,-1.5674611702356998,-1.5674611702356998,-1.5674611702356998,0.0,0.0,0.0,162.48972865297668
14,2022-02-11,163.831688892052,153.1676380380305,170.82774720272442,163.831688892052,163.831688892052,-1.3803023533580512,-1.3803023533580512,-1.3803023533580512,-1.3803023533580512,-1.3803023533580512,-1.3803023533580512,0.0,0.0,0.0,162.45138653869395
15,2022-02-14,163.1551860985709,152.14220157763214,169.99273433990138,163.1551860985709,163.1551860985709,-2.016843489161068,-2.016843489161068,-2.016843489161068,-2.016843489161068,-2.016843489161068,-2.016843489161068,0.0,0.0,0.0,161.13834260940985
16,2022-02-15,162.92968516741053,153.0665081702591,170.9104062876428,162.92968516741053,162.92968516741053,-1.1118323366468976,-1.1118323366468976,-1.1118323366468976,-1.1118323366468976,-1.1118323366468976,-1.1118323366468976,0.0,0.0,0.0,161.81785283076363
17,2022-02-16,162.70418423453046,152.51400858842268,170.44915568416994,162.70418423453046,162.70418423453046,-1.1516408624923402,-1.1516408624923402,-1.1516408624923402,-1.1516408624923402,-1.1516408624923402,-1.1516408624923402,0.0,0.0,0.0,161.55254337203812
18,2022-02-17,162.47868330165036,152.35462287895226,170.20926598921176,162.47868330165036,162.47868330165036,-1.567461170237725,-1.567461170237725,-1.567461170237725,-1.567461170237725,-1.567461170237725,-1.567461170237725,0.0,0.0,0.0,160.91122213141264
19,2022-02-18,162.2531823687703,151.51058097137678,169.46647915786937,162.2531823687703,162.2531823687703,-1.38030235335888,-1.38030235335888,-1.38030235335888,-1.38030235335888,-1.38030235335888,-1.38030235335888,0.0,0.0,0.0,160.87288001541143
20,2022-02-21,161.57667957013007,151.1599722097227,168.76020745229383,161.57667957013007,161.57667957013007,-2.0168434891611633,-2.0168434891611633,-2.0168434891611633,-2.0168434891611633,-2.0168434891611633,-2.0168434891611633,0.0,0.0,0.0,159.5598360809689
21,2022-02-22,161.35117863725,150.92074056395256,168.5854116283556,161.35117863725,161.35117863725,-1.1118323366452825,-1.1118323366452825,-1.1118323366452825,-1.1118323366452825,-1.1118323366452825,-1.1118323366452825,0.0,0.0,0.0,160.23934630060472
22,2022-02-23,161.1256777043699,152.38098270975266,168.3254237029666,161.1256777043699,161.1256777043699,-1.151640862493679,-1.151640862493679,-1.151640862493679,-1.151640862493679,-1.151640862493679,-1.151640862493679,0.0,0.0,0.0,159.97403684187623
23,2022-02-24,160.9001767714898,150.80419933004256,167.996851942289,160.9001767714898,160.9001767714898,-1.5674611702397505,-1.5674611702397505,-1.5674611702397505,-1.5674611702397505,-1.5674611702397505,-1.5674611702397505,0.0,0.0,0.0,159.33271560125007
24,2022-02-25,160.67467583860974,150.98152520595647,168.84108849587938,160.67467583860974,160.67467583860974,-1.3803023533548024,-1.3803023533548024,-1.3803023533548024,-1.3803023533548024,-1.3803023533548024,-1.3803023533548024,0.0,0.0,0.0,159.29437348525494
25,2022-02-28,160.07402308897463,148.62577836297004,166.13471702678618,160.07402308897463,160.07402308897463,-2.0168434891674667,-2.0168434891674667,-2.0168434891674667,-2.0168434891674667,-2.0168434891674667,-2.0168434891674667,0.0,0.0,0.0,158.05717959980717
26,2022-03-02,159.6735879225512,149.70193752080954,167.47307873736497,159.6735879225512,159.6735879225512,-1.1516408624921264,-1.1516408624921264,-1.1516408624921264,-1.1516408624921264,-1.1516408624921264,-1.1516408624921264,0.0,0.0,0.0,158.5219470600591
27,2022-03-03,159.47337033933948,148.99585976483846,166.55113312810698,159.47337033933948,159.47337033933948,-1.5674611702350403,-1.5674611702350403,-1.5674611702350403,-1.5674611702350403,-1.5674611702350403,-1.5674611702350403,0.0,0.0,0.0,157.90590916910443
28,2022-03-04,159.27315275612779,148.88845445299265,166.43235676407687,159.27315275612779,159.27315275612779,-1.3803023533507248,-1.3803023533507248,-1.3803023533507248,-1.3803023533507248,-1.3803023533507248,-1.3803023533507248,0.0,0.0,0.0,157.89285040277707
29,2022-03-07,158.67250000649264,147.94097186823493,165.52627795745983,158.67250000649264,158.67250000649264,-2.016843489167562,-2.016843489167562,-2.016843489167562,-2.016843489167562,-2.016843489167562,-2.016843489167562,0.0,0.0,0.0,156.65565651732507
30,2022-03-08,158.47228242328094,148.74631258917574,165.90490764430362,158.47228242328094,158.47228242328094,-1.1118323366429712,-1.1118323366429712,-1.1118323366429712,-1.1118323366429712,-1.1118323366429712,-1.1118323366429712,0.0,0.0,0.0,157.36045008663797
31,2022-03-09,158.27206484006925,148.07782239496868,165.91149350621177,158.27206484006925,158.27206484006925,-1.151640862492242,-1.151640862492242,-1.151640862492242,-1.151640862492242,-1.151640862492242,-1.151640862492242,0.0,0.0,0.0,157.12042397757702
32,2022-03-10,158.07184725685755,147.4117835290179,165.65247678333276,158.07184725685755,158.07184725685755,-1.5674611702335406,-1.5674611702335406,-1.5674611702335406,-1.5674611702335406,-1.5674611702335406,-1.5674611702335406,0.0,0.0,0.0,156.504386086624
33,2022-03-11,157.92105018190696,148.27389210014206,165.6045606796753,157.92105018190696,157.92105018190696,-1.3803023533466474,-1.3803023533466474,-1.3803023533466474,-1.3803023533466474,-1.3803023533466474,-1.3803023533466474,0.0,0.0,0.0,156.5407478285603
34,2022-03-14,157.46865895705528,146.34634519670945,164.44402000395925,157.46865895705528,157.46865895705528,-2.0168434891570324,-2.0168434891570324,-2.0168434891570324,-2.0168434891570324,-2.0168434891570324,-2.0168434891570324,0.0,0.0,0.0,155.45181546789826
35,2022-03-15,157.3178618821047,147.49983615546566,164.95393738571235,157.3178618821047,157.3178618821047,-1.1118323366413554,-1.1118323366413554,-1.1118323366413554,-1.1118323366413554,-1.1118323366413554,-1.1118323366413554,0.0,0.0,0.0,156.20602954546334
36,2022-03-16,157.16706480715413,146.32708677468628,164.75586367709985,157.16706480715413,157.16706480715413,-1.1516408624921348,-1.1516408624921348,-1.1516408624921348,-1.1516408624921348,-1.1516408624921348,-1.1516408624921348,0.0,0.0,0.0,156.015423944662
37,2022-03-17,157.01626773220357,146.31147911863647,164.14941492844537,157.01626773220357,157.01626773220357,-1.567461170239091,-1.567461170239091,-1.567461170239091,-1.567461170239091,-1.567461170239091,-1.567461170239091,0.0,0.0,0.0,155.4488065619645
38,2022-03-21,156.4130794324013,145.37119785766112,163.97132938639393,156.4130794324013,156.4130794324013,-2.016843489160232,-2.016843489160232,-2.016843489160232,-2.016843489160232,-2.016843489160232,-2.016843489160232,0.0,0.0,0.0,154.39623594324107
39,2022-03-22,156.26228235745072,145.56635764835949,163.72964031997822,156.26228235745072,156.26228235745072,-1.1118323366397398,-1.1118323366397398,-1.1118323366397398,-1.1118323366397398,-1.1118323366397398,-1.1118323366397398,0.0,0.0,0.0,155.15045002081098
40,2022-03-23,156.11148528250018,145.6376465322315,163.12338725742956,156.11148528250018,156.11148528250018,-1.151640862493473,-1.151640862493473,-1.151640862493473,-1.151640862493473,-1.151640862493473,-1.151640862493473,0.0,0.0,0.0,154.9598444200067
41,2022-03-24,155.96068832354274,145.56529510935283,163.44797401172866,155.96068832354274,155.96068832354274,-1.5674611702375914,-1.5674611702375914,-1.5674611702375914,-1.5674611702375914,-1.5674611702375914,-1.5674611702375914,0.0,0.0,0.0,154.39322715330516
42,2022-03-25,155.80989136458533,145.7301741764383,163.16594812523462,155.80989136458533,155.80989136458533,-1.3803023533597045,-1.3803023533597045,-1.3803023533597045,-1.3803023533597045,-1.3803023533597045,-1.3803023533597045,0.0,0.0,0.0,154.42958901122563
43,2022-03-28,155.35750048771305,144.83302005481343,162.49865550124287,155.35750048771305,155.35750048771305,-2.0168434891634313,-2.0168434891634313,-2.0168434891634313,-2.0168434891634313,-2.0168434891634313,-2.0168434891634313,0.0,0.0,0.0,153.34065699854963
44,2022-03-29,155.20670352875564,145.1425581461768,162.3854093414553,155.20670352875564,155.20670352875564,-1.1118323366390441,-1.1118323366390441,-1.1118323366390441,-1.1118323366390441,-1.1118323366390441,-1.1118323366390441,0.0,0.0,0.0,154.09487119211659
45,2022-03-30,155.0559065697982,144.68544240630112,162.66886966480266,155.0559065697982,155.0559065697982,-1.1516408624906982,-1.1516408624906982,-1.1516408624906982,-1.1516408624906982,-1.1516408624906982,-1.1516408624906982,0.0,0.0,0.0,153.9042657073075
46,2022-03-31,154.90510961084078,144.35252292978905,162.5918800197982,154.90510961084078,154.90510961084078,-1.567461170236092,-1.567461170236092,-1.567461170236092,-1.567461170236092,-1.567461170236092,-1.567461170236092,0.0,0.0,0.0,153.33764844060468
47,2022-04-01,154.75431265188337,144.34531422459955,161.94879772412173,154.75431265188337,154.75431265188337,-1.3803023533556267,-1.3803023533556267,-1.3803023533556267,-1.3803023533556267,-1.3803023533556267,-1.3803023533556267,0.0,0.0,0.0,153.37401029852774
48,2022-04-04,154.3019217750111,143.2622567203969,160.96250746802525,154.3019217750111,154.3019217750111,-2.0168434891635267,-2.0168434891635267,-2.0168434891635267,-2.0168434891635267,-2.0168434891635267,-2.0168434891635267,0.0,0.0,0.0,152.28507828584756
49,2022-04-05,154.1511248243354,144.89378791748254,162.43813630121582,154.1511248243354,154.1511248243354,-1.111832336644253,-1.111832336644253,-1.111832336644253,-1.111832336644253,-1.111832336644253,-1.111832336644253,0.0,0.0,0.0,153.03929248769114
50,2022-04-06,154.00032787365964,143.97931830620445,161.08644252500875,154.00032787365964,154.00032787365964,-1.1516408624920365,-1.1516408624920365,-1.1516408624920365,-1.1516408624920365,-1.1516408624920365,-1.1516408624920365,0.0,0.0,0.0,152.8486870111676
51,2022-04-07,153.84953092298392,144.02917153166374,161.0394558177507,153.84953092298392,153.84953092298392,-1.5674611702416426,-1.5674611702416426,-1.5674611702416426,-1.5674611702416426,-1.5674611702416426,-1.5674611702416426,0.0,0.0,0.0,152.28206975274227
52,2022-04-08,153.69873397230816,143.3960916825634,161.32984708256365,153.69873397230816,153.69873397230816,-1.3803023533515493,-1.3803023533515493,-1.3803023533515493,-1.3803023533515493,-1.3803023533515493,-1.3803023533515493,0.0,0.0,0.0,152.31843161895662
53,2022-04-11,153.24634312028095,142.0700309120967,160.18527834148745,153.24634312028095,153.24634312028095,-2.016843489163622,-2.016843489163622,-2.016843489163622,-2.016843489163622,-2.016843489163622,-2.016843489163622,0.0,0.0,0.0,151.22949963111733
54,2022-04-12,153.0955461696052,142.98401022154516,161.3494556640705,153.0955461696052,153.0955461696052,-1.1118323366435574,-1.1118323366435574,-1.1118323366435574,-1.1118323366435574,-1.1118323366435574,-1.1118323366435574,0.0,0.0,0.0,151.98371383296166
55,2022-04-13,152.94474921892947,143.0027447048101,160.8723913600138,152.94474921892947,152.94474921892947,-1.1516408624919297,-1.1516408624919297,-1.1516408624919297,-1.1516408624919297,-1.1516408624919297,-1.1516408624919297,0.0,0.0,0.0,151.79310835643756
56,2022-04-18,152.19076446555076,141.591012348423,159.58623875092775,152.19076446555076,152.19076446555076,-2.016843489169926,-2.016843489169926,-2.016843489169926,-2.016843489169926,-2.016843489169926,-2.016843489169926,0.0,0.0,0.0,150.17392097638083
57,2022-04-19,152.0399675182811,141.9844198254528,159.53245273119202,152.0399675182811,152.0399675182811,-1.1118323366419416,-1.1118323366419416,-1.1118323366419416,-1.1118323366419416,-1.1118323366419416,-1.1118323366419416,0.0,0.0,0.0,150.92813518163913
58,2022-04-20,151.88917057101145,141.76504672008744,159.64198000229973,151.88917057101145,151.88917057101145,-1.1516408624918224,-1.1516408624918224,-1.1516408624918224,-1.1516408624918224,-1.1516408624918224,-1.1516408624918224,0.0,0.0,0.0,150.73752970851962
59,2022-04-21,151.73837362374175,141.495777656055,159.0001182913036,151.73837362374175,151.73837362374175,-1.5674611702354329,-1.5674611702354329,-1.5674611702354329,-1.5674611702354329,-1.5674611702354329,-1.5674611702354329,0.0,0.0,0.0,150.1709124535063
60,2022-04-22,151.58757667647208,140.75198294456513,158.76393851178878,151.58757667647208,151.58757667647208,-1.3803023533597,-1.3803023533597,-1.3803023533597,-1.3803023533597,-1.3803023533597,-1.3803023533597,0.0,0.0,0.0,150.2072743231124
61,2022-04-25,151.13518583466308,140.82981095962162,157.91513344140986,151.13518583466308,151.13518583466308,-2.016843489170021,-2.016843489170021,-2.016843489170021,-2.016843489170021,-2.016843489170021,-2.016843489170021,0.0,0.0,0.0,149.11834234549306
62,2022-04-26,150.9843888873934,140.62171752522832,158.4133658900947,150.9843888873934,150.9843888873934,-1.1118323366480705,-1.1118323366480705,-1.1118323366480705,-1.1118323366480705,-1.1118323366480705,-1.1118323366480705,0.0,0.0,0.0,149.87255655074534
63,2022-04-27,150.83359194012374,140.51911107934748,158.51256742459637,150.83359194012374,150.83359194012374,-1.1516408624917156,-1.1516408624917156,-1.1516408624917156,-1.1516408624917156,-1.1516408624917156,-1.1516408624917156,0.0,0.0,0.0,149.68195107763202
64,2022-04-28,150.6827949928541,139.59230251075172,157.8952769660102,150.6827949928541,150.6827949928541,-1.5674611702339332,-1.5674611702339332,-1.5674611702339332,-1.5674611702339332,-1.5674611702339332,-1.5674611702339332,0.0,0.0,0.0,149.11533382262016
65,2022-04-29,150.5319980436035,140.46294477173873,158.69336780311951,150.5319980436035,150.5319980436035,-1.3803023533605288,-1.3803023533605288,-1.3803023533605288,-1.3803023533605288,-1.3803023533605288,-1.3803023533605288,0.0,0.0,0.0,149.15169569024297
66,2022-05-02,150.0796071958517,139.064314751593,157.16399588216328,150.0796071958517,150.0796071958517,-2.0168434891594917,-2.0168434891594917,-2.0168434891594917,-2.0168434891594917,-2.0168434891594917,-2.0168434891594917,0.0,0.0,0.0,148.0627637066922
67,2022-05-04,149.77801329735053,139.44639433002584,157.92032655398347,149.77801329735053,149.77801329735053,-1.1516408624930539,-1.1516408624930539,-1.1516408624930539,-1.1516408624930539,-1.1516408624930539,-1.1516408624930539,0.0,0.0,0.0,148.62637243485747
68,2022-05-05,149.62721634809992,139.45682013049233,157.63492486728666,149.62721634809992,149.62721634809992,-1.5674611702394836,-1.5674611702394836,-1.5674611702394836,-1.5674611702394836,-1.5674611702394836,-1.5674611702394836,0.0,0.0,0.0,148.05975517786044
69,2022-05-06,149.47641939884932,139.14630701016736,157.14452539893213,149.47641939884932,149.47641939884932,-1.3803023533613574,-1.3803023533613574,-1.3803023533613574,-1.3803023533613574,-1.3803023533613574,-1.3803023533613574,0.0,0.0,0.0,148.09611704548797
70,2022-05-09,149.02402855109753,138.4324477184561,155.58204354614097,149.02402855109753,149.02402855109753,-2.016843489162691,-2.016843489162691,-2.016843489162691,-2.016843489162691,-2.016843489162691,-2.016843489162691,0.0,0.0,0.0,147.00718506193485
71,2022-05-10,148.87323160184695,138.7736153620311,156.21745952353984,148.87323160184695,148.87323160184695,-1.1118323366457588,-1.1118323366457588,-1.1118323366457588,-1.1118323366457588,-1.1118323366457588,-1.1118323366457588,0.0,0.0,0.0,147.7613992652012
72,2022-05-11,148.72243465259638,138.11057700249043,156.80091974916613,148.72243465259638,148.72243465259638,-1.1516408624915015,-1.1516408624915015,-1.1516408624915015,-1.1516408624915015,-1.1516408624915015,-1.1516408624915015,0.0,0.0,0.0,147.5707937901049
73,2022-05-12,148.57163772173203,138.72472243475096,156.8763831605092,148.57163772173203,148.57163772173203,-1.567461170237984,-1.567461170237984,-1.567461170237984,-1.567461170237984,-1.567461170237984,-1.567461170237984,0.0,0.0,0.0,147.00417655149406
74,2022-05-13,148.4208407908677,137.9261357142631,155.86899574080218,148.4208407908677,148.4208407908677,-1.3803023533523735,-1.3803023533523735,-1.3803023533523735,-1.3803023533523735,-1.3803023533523735,-1.3803023533523735,0.0,0.0,0.0,147.04053843751532
75,2022-05-16,147.96844999827462,137.30736563834216,155.0250909905992,147.96844999827462,147.96844999827462,-2.0168434891658906,-2.0168434891658906,-2.0168434891658906,-2.0168434891658906,-2.0168434891658906,-2.0168434891658906,0.0,0.0,0.0,145.95160650910873
76,2022-05-17,147.81765306741028,138.15308249623038,155.10481598535156,147.81765306741028,147.81765306741028,-1.1118323366450638,-1.1118323366450638,-1.1118323366450638,-1.1118323366450638,-1.1118323366450638,-1.1118323366450638,0.0,0.0,0.0,146.70582073076523
77,2022-05-18,147.66685613654593,137.68562927676024,155.49642797427245,147.66685613654593,147.66685613654593,-1.151640862491617,-1.151640862491617,-1.151640862491617,-1.151640862491617,-1.151640862491617,-1.151640862491617,0.0,0.0,0.0,146.51521527405433
78,2022-05-19,147.5160592056816,136.6841365169578,154.75854286622422,147.5160592056816,147.5160592056816,-1.5674611702400094,-1.5674611702400094,-1.5674611702400094,-1.5674611702400094,-1.5674611702400094,-1.5674611702400094,0.0,0.0,0.0,145.94859803544156
79,2022-05-20,147.36526227481724,136.84144332674924,153.9864730441353,147.36526227481724,147.36526227481724,-1.3803023533532024,-1.3803023533532024,-1.3803023533532024,-1.3803023533532024,-1.3803023533532024,-1.3803023533532024,0.0,0.0,0.0,145.98495992146403
80,2022-05-23,146.9128714822242,136.41851237457078,153.80666691690593,146.9128714822242,146.9128714822242,-2.0168434891522566,-2.0168434891522566,-2.0168434891522566,-2.0168434891522566,-2.0168434891522566,-2.0168434891522566,0.0,0.0,0.0,144.89602799307195
81,2022-05-24,146.80861056196125,136.4372327044602,154.50229150481638,146.80861056196125,146.80861056196125,-1.111832336642528,-1.111832336642528,-1.111832336642528,-1.111832336642528,-1.111832336642528,-1.111832336642528,0.0,0.0,0.0,145.69677822531872
82,2022-05-25,146.7043496416983,136.02985601245092,154.4636533334318,146.7043496416983,146.7043496416983,-1.1516408624915102,-1.1516408624915102,-1.1516408624915102,-1.1516408624915102,-1.1516408624915102,-1.1516408624915102,0.0,0.0,0.0,145.55270877920677
83,2022-05-26,146.6000887214353,137.03461041579436,153.75405367221182,146.6000887214353,146.6000887214353,-1.5674611702352994,-1.5674611702352994,-1.5674611702352994,-1.5674611702352994,-1.5674611702352994,-1.5674611702352994,0.0,0.0,0.0,145.0326275512
84,2022-05-27,146.49582780117234,136.17944503164912,154.45133382946028,146.49582780117234,146.49582780117234,-1.3803023533491248,-1.3803023533491248,-1.3803023533491248,-1.3803023533491248,-1.3803023533491248,-1.3803023533491248,0.0,0.0,0.0,145.11552544782322
85,2022-05-30,146.18304504038343,135.80130308666716,152.84603698536986,146.18304504038343,146.18304504038343,-2.0168434891585596,-2.0168434891585596,-2.0168434891585596,-2.0168434891585596,-2.0168434891585596,-2.0168434891585596,0.0,0.0,0.0,144.16620155122487
86,2022-05-31,146.07878412012047,136.39190330229306,153.3844490505193,146.07878412012047,146.07878412012047,-1.1118323366418323,-1.1118323366418323,-1.1118323366418323,-1.1118323366418323,-1.1118323366418323,-1.1118323366418323,0.0,0.0,0.0,144.96695178347863
87,2022-06-01,145.97452319985752,135.57278160803895,153.63631528550482,145.97452319985752,145.97452319985752,-1.1516408624928487,-1.1516408624928487,-1.1516408624928487,-1.1516408624928487,-1.1516408624928487,-1.1516408624928487,0.0,0.0,0.0,144.82288233736466
88,2022-06-02,145.87026227959456,135.13474250245736,153.61154040471723,145.87026227959456,145.87026227959456,-1.567461170237325,-1.567461170237325,-1.567461170237325,-1.567461170237325,-1.567461170237325,-1.567461170237325,0.0,0.0,0.0,144.30280110935723
89,2022-06-03,145.83175858164165,135.68162790531198,153.52949765940062,145.83175858164165,145.83175858164165,-1.3803023533662593,-1.3803023533662593,-1.3803023533662593,-1.3803023533662593,-1.3803023533662593,-1.3803023533662593,0.0,0.0,0.0,144.4514562282754
90,2022-06-06,145.71624748778297,134.4050125421351,152.42009550289214,145.71624748778297,145.71624748778297,-2.0168434891586555,-2.0168434891586555,-2.0168434891586555,-2.0168434891586555,-2.0168434891586555,-2.0168434891586555,0.0,0.0,0.0,143.69940399862432
91,2022-06-07,145.67774378983006,135.77601214731567,153.24769996228255,145.67774378983006,145.67774378983006,-1.111832336640217,-1.111832336640217,-1.111832336640217,-1.111832336640217,-1.111832336640217,-1.111832336640217,0.0,0.0,0.0,144.56591145318984
92,2022-06-08,145.63924009187716,134.95238742976733,154.0075696848039,145.63924009187716,145.63924009187716,-1.1516408624912962,-1.1516408624912962,-1.1516408624912962,-1.1516408624912962,-1.1516408624912962,-1.1516408624912962,0.0,0.0,0.0,144.48759922938586
93,2022-06-09,145.60073639392425,135.27837934113393,152.80223805431615,145.60073639392425,145.60073639392425,-1.5674611702358252,-1.5674611702358252,-1.5674611702358252,-1.5674611702358252,-1.5674611702358252,-1.5674611702358252,0.0,0.0,0.0,144.03327522368843
94,2022-06-10,145.56223269597135,135.70454152009023,153.1532125430507,145.56223269597135,145.56223269597135,-1.3803023533572751,-1.3803023533572751,-1.3803023533572751,-1.3803023533572751,-1.3803023533572751,-1.3803023533572751,0.0,0.0,0.0,144.18193034261407
95,2022-06-13,145.44672160211263,134.68226955272985,151.92781359403554,145.44672160211263,145.44672160211263,-2.0168434891618547,-2.0168434891618547,-2.0168434891618547,-2.0168434891618547,-2.0168434891618547,-2.0168434891618547,0.0,0.0,0.0,143.42987811295077
96,2022-06-14,145.40821790415973,135.53546175068118,152.81337411807718,145.40821790415973,145.40821790415973,-1.1118323366463456,-1.1118323366463456,-1.1118323366463456,-1.1118323366463456,-1.1118323366463456,-1.1118323366463456,0.0,0.0,0.0,144.29638556751337
97,2022-06-15,145.48659531668952,135.83204571080316,153.7557983065016,145.48659531668952,145.48659531668952,-1.1516408624926349,-1.1516408624926349,-1.1516408624926349,-1.1516408624926349,-1.1516408624926349,-1.1516408624926349,0.0,0.0,0.0,144.3349544541969
98,2022-06-16,145.56497272921933,135.55569909086807,152.78283504469874,145.56497272921933,145.56497272921933,-1.5674611702413757,-1.5674611702413757,-1.5674611702413757,-1.5674611702413757,-1.5674611702413757,-1.5674611702413757,0.0,0.0,0.0,143.99751155897795
99,2022-06-17,145.64335014174912,134.84775568964673,153.1602600433217,145.64335014174912,145.64335014174912,-1.380302353358104,-1.380302353358104,-1.380302353358104,-1.380302353358104,-1.380302353358104,-1.380302353358104,0.0,0.0,0.0,144.26304778839102
100,2022-06-20,145.8784823793385,134.91000319503277,153.08553440996684,145.8784823793385,145.8784823793385,-2.0168434891619507,-2.0168434891619507,-2.0168434891619507,-2.0168434891619507,-2.0168434891619507,-2.0168434891619507,0.0,0.0,0.0,143.86163889017655
101,2022-06-21,145.9568597918683,135.5031803027274,153.92444407149534,145.9568597918683,145.9568597918683,-1.11183233664473,-1.11183233664473,-1.11183233664473,-1.11183233664473,-1.11183233664473,-1.11183233664473,0.0,0.0,0.0,144.84502745522357
102,2022-06-22,146.0352372043981,136.13175588566054,153.0494415062061,146.0352372043981,146.0352372043981,-1.1516408624927503,-1.1516408624927503,-1.1516408624927503,-1.1516408624927503,-1.1516408624927503,-1.1516408624927503,0.0,0.0,0.0,144.88359634190536
103,2022-06-23,146.1136146169279,135.85767682005775,153.43469032402086,146.1136146169279,146.1136146169279,-1.5674611702398757,-1.5674611702398757,-1.5674611702398757,-1.5674611702398757,-1.5674611702398757,-1.5674611702398757,0.0,0.0,0.0,144.546153446688
104,2022-06-24,146.3143583025582,136.39750198407228,153.70135864584427,146.3143583025582,146.3143583025582,-1.3803023533540264,-1.3803023533540264,-1.3803023533540264,-1.3803023533540264,-1.3803023533540264,-1.3803023533540264,0.0,0.0,0.0,144.93405594920415
105,2022-06-27,146.91658935944918,135.6852548691248,154.60213280831277,146.91658935944918,146.91658935944918,-2.0168434891682536,-2.0168434891682536,-2.0168434891682536,-2.0168434891682536,-2.0168434891682536,-2.0168434891682536,0.0,0.0,0.0,144.89974587028092
106,2022-06-28,147.1173330450795,137.04301354216756,154.81933725206054,147.1173330450795,147.1173330450795,-1.1118323366440348,-1.1118323366440348,-1.1118323366440348,-1.1118323366440348,-1.1118323366440348,-1.1118323366440348,0.0,0.0,0.0,146.00550070843548
107,2022-06-29,147.31807673070983,137.92141090924295,155.31301835861487,147.31807673070983,147.31807673070983,-1.1516408624911976,-1.1516408624911976,-1.1516408624911976,-1.1516408624911976,-1.1516408624911976,-1.1516408624911976,0.0,0.0,0.0,146.16643586821863
108,2022-06-30,147.51882041634016,137.05133819163584,154.8951853753281,147.51882041634016,147.51882041634016,-1.5674611702351662,-1.5674611702351662,-1.5674611702351662,-1.5674611702351662,-1.5674611702351662,-1.5674611702351662,0.0,0.0,0.0,145.951359246105
109,2022-07-01,147.71956410197052,137.1256508789544,155.78572470345,147.71956410197052,147.71956410197052,-1.3803023533499488,-1.3803023533499488,-1.3803023533499488,-1.3803023533499488,-1.3803023533499488,-1.3803023533499488,0.0,0.0,0.0,146.33926174862057
110,2022-07-04,148.3217951588615,137.32732218391874,154.89039051682127,148.3217951588615,148.3217951588615,-2.01684348916835,-2.01684348916835,-2.01684348916835,-2.01684348916835,-2.01684348916835,-2.01684348916835,0.0,0.0,0.0,146.30495166969317
111,2022-07-05,148.52253884449183,138.37702140329816,156.41203692869442,148.52253884449183,148.52253884449183,-1.1118323366414984,-1.1118323366414984,-1.1118323366414984,-1.1118323366414984,-1.1118323366414984,-1.1118323366414984,0.0,0.0,0.0,147.41070650785034
112,2022-07-06,148.7232828899055,137.8490494371251,156.39557154158683,148.7232828899055,148.7232828899055,-1.151640862492536,-1.151640862492536,-1.151640862492536,-1.151640862492536,-1.151640862492536,-1.151640862492536,0.0,0.0,0.0,147.57164202741296
113,2022-07-07,148.92402693531918,138.861323694153,156.47741634128923,148.92402693531918,148.92402693531918,-1.5674611702336665,-1.5674611702336665,-1.5674611702336665,-1.5674611702336665,-1.5674611702336665,-1.5674611702336665,0.0,0.0,0.0,147.35656576508552
114,2022-07-08,149.12477098073285,139.03696140243736,157.15716189382098,149.12477098073285,149.12477098073285,-1.3803023533458716,-1.3803023533458716,-1.3803023533458716,-1.3803023533458716,-1.3803023533458716,-1.3803023533458716,0.0,0.0,0.0,147.74446862738696
115,2022-07-11,149.7270031169739,138.36647047340585,156.59266166869142,149.7270031169739,149.7270031169739,-2.0168434891578197,-2.0168434891578197,-2.0168434891578197,-2.0168434891578197,-2.0168434891578197,-2.0168434891578197,0.0,0.0,0.0,147.71015962781607
116,2022-07-12,149.9277471623876,139.63986656770476,157.58350435576247,149.9277471623876,149.9277471623876,-1.1118323366408032,-1.1118323366408032,-1.1118323366408032,-1.1118323366408032,-1.1118323366408032,-1.1118323366408032,0.0,0.0,0.0,148.81591482574677
117,2022-07-13,150.12849120780126,140.062654239709,157.48432706105916,150.12849120780126,150.12849120780126,-1.151640862492429,-1.151640862492429,-1.151640862492429,-1.151640862492429,-1.151640862492429,-1.151640862492429,0.0,0.0,0.0,148.97685034530883
118,2022-07-14,150.32923525321496,140.00908717537587,157.43560213479248,150.32923525321496,150.32923525321496,-1.567461170239217,-1.567461170239217,-1.567461170239217,-1.567461170239217,-1.567461170239217,-1.567461170239217,0.0,0.0,0.0,148.76177408297573
119,2022-07-15,150.5299792986286,140.6529839164912,158.31256004488978,150.5299792986286,150.5299792986286,-1.3803023533467003,-1.3803023533467003,-1.3803023533467003,-1.3803023533467003,-1.3803023533467003,-1.3803023533467003,0.0,0.0,0.0,149.1496769452819
120,2022-07-18,151.13221143488218,140.28354890817627,157.8618492730472,151.13221143488218,151.13221143488218,-2.016843489161019,-2.016843489161019,-2.016843489161019,-2.016843489161019,-2.016843489161019,-2.016843489161019,0.0,0.0,0.0,149.11536794572118
121,2022-07-19,151.33295548030006,142.06147849038112,158.87417926632386,151.33295548030006,151.33295548030006,-1.1118323366469316,-1.1118323366469316,-1.1118323366469316,-1.1118323366469316,-1.1118323366469316,-1.1118323366469316,0.0,0.0,0.0,150.22112314365313
122,2022-07-20,151.53369952571788,141.8873290647587,159.5905756755809,151.53369952571788,151.53369952571788,-1.1516408624923218,-1.1516408624923218,-1.1516408624923218,-1.1516408624923218,-1.1516408624923218,-1.1516408624923218,0.0,0.0,0.0,150.38205866322556
123,2022-07-21,151.73444357113576,142.03637932082862,159.6532973657005,151.73444357113576,151.73444357113576,-1.5674611702377172,-1.5674611702377172,-1.5674611702377172,-1.5674611702377172,-1.5674611702377172,-1.5674611702377172,0.0,0.0,0.0,150.16698240089804
124,2022-07-22,151.93518761655363,141.90243516226928,159.2579800206605,151.93518761655363,151.93518761655363,-1.3803023533540224,-1.3803023533540224,-1.3803023533540224,-1.3803023533540224,-1.3803023533540224,-1.3803023533540224,0.0,0.0,0.0,150.55488526319962
125,2022-07-25,152.53741975280718,141.4204748224244,158.98916266715273,152.53741975280718,152.53741975280718,-2.016843489164218,-2.016843489164218,-2.016843489164218,-2.016843489164218,-2.016843489164218,-2.016843489164218,0.0,0.0,0.0,150.52057626364297
126,2022-07-26,152.73816379822503,143.03037734292505,160.32233080042457,152.73816379822503,152.73816379822503,-1.1118323366462366,-1.1118323366462366,-1.1118323366462366,-1.1118323366462366,-1.1118323366462366,-1.1118323366462366,0.0,0.0,0.0,151.6263314615788
127,2022-07-27,152.9389078436429,142.71627293424729,160.33129596343525,152.9389078436429,152.9389078436429,-1.151640862490992,-1.151640862490992,-1.151640862490992,-1.151640862490992,-1.151640862490992,-1.151640862490992,0.0,0.0,0.0,151.78726698115193
128,2022-07-28,153.13965188904888,142.44439521454194,160.60105929554177,153.13965188904888,153.13965188904888,-1.5674611702362173,-1.5674611702362173,-1.5674611702362173,-1.5674611702362173,-1.5674611702362173,-1.5674611702362173,0.0,0.0,0.0,151.57219071881266
129,2022-07-29,153.34039593445485,142.88374727607692,160.36959510727166,153.34039593445485,153.34039593445485,-1.3803023533548509,-1.3803023533548509,-1.3803023533548509,-1.3803023533548509,-1.3803023533548509,-1.3803023533548509,0.0,0.0,0.0,151.96009358109998
130,2022-08-01,153.94262807067278,143.46879141746118,161.0993844844697,153.94262807067278,153.94262807067278,-2.016843489164314,-2.016843489164314,-2.016843489164314,-2.016843489164314,-2.016843489164314,-2.016843489164314,0.0,0.0,0.0,151.92578458150848
131,2022-08-02,154.14337211607875,144.0399775410932,161.68020712531464,154.14337211607875,154.14337211607875,-1.1118323366437013,-1.1118323366437013,-1.1118323366437013,-1.1118323366437013,-1.1118323366437013,-1.1118323366437013,0.0,0.0,0.0,153.03153977943504
132,2022-08-03,154.34411616148472,143.839860334139,161.92138917108795,154.34411616148472,154.34411616148472,-1.1516408624923309,-1.1516408624923309,-1.1516408624923309,-1.1516408624923309,-1.1516408624923309,-1.1516408624923309,0.0,0.0,0.0,153.19247529899238
133,2022-08-04,154.5448602068907,144.51710066250877,161.82799675738647,154.5448602068907,154.5448602068907,-1.5674611702417678,-1.5674611702417678,-1.5674611702417678,-1.5674611702417678,-1.5674611702417678,-1.5674611702417678,0.0,0.0,0.0,152.97739903664893
134,2022-08-05,154.74560425229666,144.21374753245163,162.35551272843685,154.74560425229666,154.74560425229666,-1.3803023533507734,-1.3803023533507734,-1.3803023533507734,-1.3803023533507734,-1.3803023533507734,-1.3803023533507734,0.0,0.0,0.0,153.3653018989459
135,2022-08-08,155.3478363885146,144.82031673957675,162.4011206392886,155.3478363885146,155.3478363885146,-2.0168434891706175,-2.0168434891706175,-2.0168434891706175,-2.0168434891706175,-2.0168434891706175,-2.0168434891706175,0.0,0.0,0.0,153.33099289934398
136,2022-08-10,155.74932445639274,145.75507451079645,163.09312911409071,155.74932445639274,155.74932445639274,-1.1516408624907781,-1.1516408624907781,-1.1516408624907781,-1.1516408624907781,-1.1516408624907781,-1.1516408624907781,0.0,0.0,0.0,154.59768359390196
137,2022-08-11,155.95006849033177,146.04611263117317,163.25831948251258,155.95006849033177,155.95006849033177,-1.567461170240268,-1.567461170240268,-1.567461170240268,-1.567461170240268,-1.567461170240268,-1.567461170240268,0.0,0.0,0.0,154.3826073200915
138,2022-08-12,156.15081252427086,145.92318632825896,163.87000000958662,156.15081252427086,156.15081252427086,-1.380302353367908,-1.380302353367908,-1.380302353367908,-1.380302353367908,-1.380302353367908,-1.380302353367908,0.0,0.0,0.0,154.77051017090295
139,2022-08-16,156.95378866002713,147.85433131464458,165.45322850330496,156.95378866002713,156.95378866002713,-1.1118323366413896,-1.1118323366413896,-1.1118323366413896,-1.1118323366413896,-1.1118323366413896,-1.1118323366413896,0.0,0.0,0.0,155.84195632338574
140,2022-08-17,157.1545326939662,147.08142451228042,164.71607915078508,157.1545326939662,157.1545326939662,-1.1516408624921168,-1.1516408624921168,-1.1516408624921168,-1.1516408624921168,-1.1516408624921168,-1.1516408624921168,0.0,0.0,0.0,156.00289183147407
141,2022-08-18,157.35527672790528,147.71415045003366,164.83272523734848,157.35527672790528,157.35527672790528,-1.5674611702355588,-1.5674611702355588,-1.5674611702355588,-1.5674611702355588,-1.5674611702355588,-1.5674611702355588,0.0,0.0,0.0,155.78781555766972
142,2022-08-19,157.55602076184434,147.40688665068566,164.85800564971223,157.55602076184434,157.55602076184434,-1.3803023533589238,-1.3803023533589238,-1.3803023533589238,-1.3803023533589238,-1.3803023533589238,-1.3803023533589238,0.0,0.0,0.0,156.1757184084854
143,2022-08-22,158.15825286366155,146.95831456093845,165.1161209900704,158.15825286366155,158.15825286366155,-2.0168434891570786,-2.0168434891570786,-2.0168434891570786,-2.0168434891570786,-2.0168434891570786,-2.0168434891570786,0.0,0.0,0.0,156.14140937450446
144,2022-08-23,158.3589968723253,148.51085899588938,165.88922194593803,158.3589968723253,158.3589968723253,-1.1118323366475187,-1.1118323366475187,-1.1118323366475187,-1.1118323366475187,-1.1118323366475187,-1.1118323366475187,0.0,0.0,0.0,157.24716453567777
145,2022-08-24,158.55974088098898,148.6698473016661,166.10494230652034,158.55974088098898,158.55974088098898,-1.15164086249201,-1.15164086249201,-1.15164086249201,-1.15164086249201,-1.15164086249201,-1.15164086249201,0.0,0.0,0.0,157.40810001849698
146,2022-08-25,158.76048488965273,148.45643531736457,166.0710197195815,158.76048488965273,158.76048488965273,-1.567461170237584,-1.567461170237584,-1.567461170237584,-1.567461170237584,-1.567461170237584,-1.567461170237584,0.0,0.0,0.0,157.19302371941515
147,2022-08-26,158.96122889831645,148.76658565465652,165.84968779525605,158.96122889831645,158.96122889831645,-1.3803023533597525,-1.3803023533597525,-1.3803023533597525,-1.3803023533597525,-1.3803023533597525,-1.3803023533597525,0.0,0.0,0.0,157.5809265449567
148,2022-08-29,159.56346092430763,149.07605401680868,166.4151627110746,159.56346092430763,159.56346092430763,-2.0168434891602787,-2.0168434891602787,-2.0168434891602787,-2.0168434891602787,-2.0168434891602787,-2.0168434891602787,0.0,0.0,0.0,157.54661743514737
149,2022-08-30,159.76420493297135,149.27270856635917,167.6894183850653,159.76420493297135,159.76420493297135,-1.1118323366459029,-1.1118323366459029,-1.1118323366459029,-1.1118323366459029,-1.1118323366459029,-1.1118323366459029,0.0,0.0,0.0,158.65237259632545
150,2022-09-01,160.1656929502988,150.13380372276185,167.95150114989502,160.1656929502988,160.1656929502988,-1.567461170239609,-1.567461170239609,-1.567461170239609,-1.567461170239609,-1.567461170239609,-1.567461170239609,0.0,0.0,0.0,158.5982317800592
151,2022-09-02,160.36643695896257,149.60050300034095,167.2859903719287,160.36643695896257,160.36643695896257,-1.3803023533605818,-1.3803023533605818,-1.3803023533605818,-1.3803023533605818,-1.3803023533605818,-1.3803023533605818,0.0,0.0,0.0,158.986134605602
152,2022-09-05,160.96863797212123,150.0034621067317,167.69194653811678,160.96863797212123,160.96863797212123,-2.0168434891634783,-2.0168434891634783,-2.0168434891634783,-2.0168434891634783,-2.0168434891634783,-2.0168434891634783,0.0,0.0,0.0,158.95179448295775
153,2022-09-06,161.16937164317414,150.77846155505645,169.4896778768119,161.16937164317414,161.16937164317414,-1.1118323366452074,-1.1118323366452074,-1.1118323366452074,-1.1118323366452074,-1.1118323366452074,-1.1118323366452074,0.0,0.0,0.0,160.05753930652895
154,2022-09-07,161.37010531422703,151.70734697678236,170.09937774480588,161.37010531422703,161.37010531422703,-1.1516408624917955,-1.1516408624917955,-1.1516408624917955,-1.1516408624917955,-1.1516408624917955,-1.1516408624917955,0.0,0.0,0.0,160.21846445173523
155,2022-09-08,161.57083898527992,151.16276180642106,168.6266301565555,161.57083898527992,161.57083898527992,-1.5674611702313743,-1.5674611702313743,-1.5674611702313743,-1.5674611702313743,-1.5674611702313743,-1.5674611702313743,0.0,0.0,0.0,160.00337781504854
156,2022-09-09,161.77157265633284,151.51584221168451,168.8642404946652,161.77157265633284,161.77157265633284,-1.380302353351598,-1.380302353351598,-1.380302353351598,-1.380302353351598,-1.380302353351598,-1.380302353351598,0.0,0.0,0.0,160.39127030298124
157,2022-09-12,162.37377366949156,151.41707542073175,169.02115857128075,162.37377366949156,162.37377366949156,-2.0168434891666775,-2.0168434891666775,-2.0168434891666775,-2.0168434891666775,-2.0168434891666775,-2.0168434891666775,0.0,0.0,0.0,160.35693018032487
158,2022-09-13,162.57450734054444,152.7218904773175,170.9937924103985,162.57450734054444,162.57450734054444,-1.1118323366426712,-1.1118323366426712,-1.1118323366426712,-1.1118323366426712,-1.1118323366426712,-1.1118323366426712,0.0,0.0,0.0,161.46267500390178
159,2022-09-14,162.77524101159733,151.95765036699052,170.39941282261657,162.77524101159733,162.77524101159733,-1.1516408624919108,-1.1516408624919108,-1.1516408624919108,-1.1516408624919108,-1.1516408624919108,-1.1516408624919108,0.0,0.0,0.0,161.6236001491054
160,2022-09-15,162.97597468211544,152.60758984091888,170.38664526611262,162.97597468211544,162.97597468211544,-1.5674611702333996,-1.5674611702333996,-1.5674611702333996,-1.5674611702333996,-1.5674611702333996,-1.5674611702333996,0.0,0.0,0.0,161.40851351188203
161,2022-09-16,163.1767083526335,152.42830047834835,170.91762939509317,163.1767083526335,163.1767083526335,-1.3803023533524261,-1.3803023533524261,-1.3803023533524261,-1.3803023533524261,-1.3803023533524261,-1.3803023533524261,0.0,0.0,0.0,161.7964059992811
162,2022-09-19,163.77890936418777,153.4334544514398,170.4493686386826,163.77890936418777,163.77890936418777,-2.0168434891530436,-2.0168434891530436,-2.0168434891530436,-2.0168434891530436,-2.0168434891530436,-2.0168434891530436,0.0,0.0,0.0,161.76206587503472
163,2022-09-20,163.97964303470584,154.0227482569564,172.12991672487053,163.97964303470584,163.97964303470584,-1.1118323366419762,-1.1118323366419762,-1.1118323366419762,-1.1118323366419762,-1.1118323366419762,-1.1118323366419762,0.0,0.0,0.0,162.86781069806386
164,2022-09-21,164.18037670522395,154.46642862332197,172.42274489357857,164.18037670522395,164.18037670522395,-1.1516408624918044,-1.1516408624918044,-1.1516408624918044,-1.1516408624918044,-1.1516408624918044,-1.1516408624918044,0.0,0.0,0.0,163.02873584273215
165,2022-09-22,164.38111037574203,154.21994757588405,171.95509909383625,164.38111037574203,164.38111037574203,-1.567461170235425,-1.567461170235425,-1.567461170235425,-1.567461170235425,-1.567461170235425,-1.567461170235425,0.0,0.0,0.0,162.8136492055066
166,2022-09-23,164.58184404626013,154.55808781562214,172.197980465604,164.58184404626013,164.58184404626013,-1.380302353348349,-1.380302353348349,-1.380302353348349,-1.380302353348349,-1.380302353348349,-1.380302353348349,0.0,0.0,0.0,163.20154169291177
167,2022-09-26,165.1840450578144,154.2852246840879,172.17127989839625,165.1840450578144,165.1840450578144,-2.0168434891593465,-2.0168434891593465,-2.0168434891593465,-2.0168434891593465,-2.0168434891593465,-2.0168434891593465,0.0,0.0,0.0,163.16720156865503
168,2022-09-27,165.38477872937878,155.81733361648173,173.32126520045765,165.38477872937878,165.38477872937878,-1.111832336641281,-1.111832336641281,-1.111832336641281,-1.111832336641281,-1.111832336641281,-1.111832336641281,0.0,0.0,0.0,164.2729463927375
169,2022-09-28,165.5855124009432,155.0794237150289,173.50662123377595,165.5855124009432,165.5855124009432,-1.1516408624916974,-1.1516408624916974,-1.1516408624916974,-1.1516408624916974,-1.1516408624916974,-1.1516408624916974,0.0,0.0,0.0,164.4338715384515
170,2022-09-29,165.7862460725076,155.55523821955822,172.74442428266724,165.7862460725076,165.7862460725076,-1.5674611702374504,-1.5674611702374504,-1.5674611702374504,-1.5674611702374504,-1.5674611702374504,-1.5674611702374504,0.0,0.0,0.0,164.21878490227016
171,2022-09-30,165.986979744072,156.49654560084565,173.60781421459137,165.986979744072,165.986979744072,-1.380302353360577,-1.380302353360577,-1.380302353360577,-1.380302353360577,-1.380302353360577,-1.380302353360577,0.0,0.0,0.0,164.6066773907114
172,2022-10-03,166.58918075876522,155.81448521283266,173.34127026070578,166.58918075876522,166.58918075876522,-2.0168434891594424,-2.0168434891594424,-2.0168434891594424,-2.0168434891594424,-2.0168434891594424,-2.0168434891594424,0.0,0.0,0.0,164.57233726960578
173,2022-10-04,166.78991443032965,156.6880257388243,175.02156230346586,166.78991443032965,166.78991443032965,-1.111832336639665,-1.111832336639665,-1.111832336639665,-1.111832336639665,-1.111832336639665,-1.111832336639665,0.0,0.0,0.0,165.67808209369
174,2022-10-06,167.19138177345843,156.0124678194453,174.66455744074847,167.19138177345843,167.19138177345843,-1.5674611702359504,-1.5674611702359504,-1.5674611702359504,-1.5674611702359504,-1.5674611702359504,-1.5674611702359504,0.0,0.0,0.0,165.62392060322247
175,2022-10-07,167.39473501115882,156.98694836452648,175.0564770341819,167.39473501115882,167.39473501115882,-1.3803023533564993,-1.3803023533564993,-1.3803023533564993,-1.3803023533564993,-1.3803023533564993,-1.3803023533564993,0.0,0.0,0.0,166.0144326578023
176,2022-10-10,168.00479472425994,156.91790476208928,174.6938802985111,168.00479472425994,168.00479472425994,-2.016843489162642,-2.016843489162642,-2.016843489162642,-2.016843489162642,-2.016843489162642,-2.016843489162642,0.0,0.0,0.0,165.98795123509728
177,2022-10-11,168.20814796196032,158.69677102516985,176.10572499374618,168.20814796196032,168.20814796196032,-1.1118323366457938,-1.1118323366457938,-1.1118323366457938,-1.1118323366457938,-1.1118323366457938,-1.1118323366457938,0.0,0.0,0.0,167.09631562531453
178,2022-10-12,168.4115011996607,157.98590903062998,176.1816042487081,168.4115011996607,168.4115011996607,-1.1516408624917056,-1.1516408624917056,-1.1516408624917056,-1.1516408624917056,-1.1516408624917056,-1.1516408624917056,0.0,0.0,0.0,167.259860337169
179,2022-10-13,168.6148544373611,158.4895620678884,176.52910967453977,168.6148544373611,168.6148544373611,-1.567461170241501,-1.567461170241501,-1.567461170241501,-1.567461170241501,-1.567461170241501,-1.567461170241501,0.0,0.0,0.0,167.0473932671196
180,2022-10-14,168.81820767506144,159.0059796832718,176.8724535889046,168.81820767506144,168.81820767506144,-1.380302353357328,-1.380302353357328,-1.380302353357328,-1.380302353357328,-1.380302353357328,-1.380302353357328,0.0,0.0,0.0,167.4379053217041
181,2022-10-17,169.4282673881626,158.22567446153832,176.3036582789613,169.4282673881626,169.4282673881626,-2.0168434891658413,-2.0168434891658413,-2.0168434891658413,-2.0168434891658413,-2.0168434891658413,-2.0168434891658413,0.0,0.0,0.0,167.41142389899676
182,2022-10-18,169.6604501074133,159.24163200713429,176.92487807817974,169.6604501074133,169.6604501074133,-1.1118323366441778,-1.1118323366441778,-1.1118323366441778,-1.1118323366441778,-1.1118323366441778,-1.1118323366441778,0.0,0.0,0.0,168.54861777076914
183,2022-10-19,169.89263282666403,159.60626990076705,176.73524124851852,169.89263282666403,169.89263282666403,-1.151640862490153,-1.151640862490153,-1.151640862490153,-1.151640862490153,-1.151640862490153,-1.151640862490153,0.0,0.0,0.0,168.74099196417387
184,2022-10-20,170.12481554591474,160.15553664933432,177.43573293038685,170.12481554591474,170.12481554591474,-1.5674611702400016,-1.5674611702400016,-1.5674611702400016,-1.5674611702400016,-1.5674611702400016,-1.5674611702400016,0.0,0.0,0.0,168.55735437567475
185,2022-10-21,170.35699826516546,160.29488718004123,178.40929302360664,170.35699826516546,170.35699826516546,-1.3803023533532501,-1.3803023533532501,-1.3803023533532501,-1.3803023533532501,-1.3803023533532501,-1.3803023533532501,0.0,0.0,0.0,168.97669591181221
186,2022-10-24,171.0535464229176,160.48744504257365,178.0055584313494,171.0535464229176,171.0535464229176,-2.0168434891690405,-2.0168434891690405,-2.0168434891690405,-2.0168434891690405,-2.0168434891690405,-2.0168434891690405,0.0,0.0,0.0,169.03670293374856
187,2022-10-25,171.2857291421683,161.1085136869673,178.81939952035506,171.2857291421683,171.2857291421683,-1.1118323366434828,-1.1118323366434828,-1.1118323366434828,-1.1118323366434828,-1.1118323366434828,-1.1118323366434828,0.0,0.0,0.0,170.1738968055248
188,2022-10-27,171.75009458066972,161.0772278336112,178.83746402679947,171.75009458066972,171.75009458066972,-1.5674611702352919,-1.5674611702352919,-1.5674611702352919,-1.5674611702352919,-1.5674611702352919,-1.5674611702352919,0.0,0.0,0.0,170.18263341043442
189,2022-10-28,171.98227729992047,161.0663222006235,179.58537426547807,171.98227729992047,171.98227729992047,-1.380302353349173,-1.380302353349173,-1.380302353349173,-1.380302353349173,-1.380302353349173,-1.380302353349173,0.0,0.0,0.0,170.6019749465713
190,2022-10-31,172.67882546148329,161.7852607265926,179.4673016011931,172.67882546148329,172.67882546148329,-2.016843489169137,-2.016843489169137,-2.016843489169137,-2.016843489169137,-2.016843489169137,-2.016843489169137,0.0,0.0,0.0,170.66198197231415
191,2022-11-01,172.91100818200425,163.4897376074024,180.54538919177585,172.91100818200425,172.91100818200425,-1.1118323366486906,-1.1118323366486906,-1.1118323366486906,-1.1118323366486906,-1.1118323366486906,-1.1118323366486906,0.0,0.0,0.0,171.79917584535556
192,2022-11-02,173.14319090252516,163.64213380526567,180.80943842979462,173.14319090252516,173.14319090252516,-1.1516408624928298,-1.1516408624928298,-1.1516408624928298,-1.1516408624928298,-1.1516408624928298,-1.1516408624928298,0.0,0.0,0.0,171.99155004003234
193,2022-11-03,173.37537362304613,162.60907962189836,180.8722170078618,173.37537362304613,173.37537362304613,-1.5674611702373171,-1.5674611702373171,-1.5674611702373171,-1.5674611702373171,-1.5674611702373171,-1.5674611702373171,0.0,0.0,0.0,171.8079124528088
194,2022-11-04,173.60755634356704,162.99839327872533,180.95309181857778,173.60755634356704,173.60755634356704,-1.3803023533450955,-1.3803023533450955,-1.3803023533450955,-1.3803023533450955,-1.3803023533450955,-1.3803023533450955,0.0,0.0,0.0,172.22725399022195
195,2022-11-07,174.30410450512989,163.33436339251168,181.78890367156197,174.30410450512989,174.30410450512989,-2.0168434891586062,-2.0168434891586062,-2.0168434891586062,-2.0168434891586062,-2.0168434891586062,-2.0168434891586062,0.0,0.0,0.0,172.28726101597127
196,2022-11-09,174.7684699461718,164.10137522768127,181.99855511677706,174.7684699461718,174.7684699461718,-1.1516408624927232,-1.1516408624927232,-1.1516408624927232,-1.1516408624927232,-1.1516408624927232,-1.1516408624927232,0.0,0.0,0.0,173.61682908367908
197,2022-11-10,175.00065266669273,164.61844752706165,182.55660352429078,175.00065266669273,175.00065266669273,-1.5674611702393422,-1.5674611702393422,-1.5674611702393422,-1.5674611702393422,-1.5674611702393422,-1.5674611702393422,0.0,0.0,0.0,173.4331914964534
198,2022-11-11,175.23283538735186,165.11646404496628,182.6826742455799,175.23283538735186,175.23283538735186,-1.3803023533459242,-1.3803023533459242,-1.3803023533459242,-1.3803023533459242,-1.3803023533459242,-1.3803023533459242,0.0,0.0,0.0,173.85253303400594
199,2022-11-14,175.9293835493292,164.9886903629163,182.45632706785594,175.9293835493292,175.9293835493292,-2.016843489161806,-2.016843489161806,-2.016843489161806,-2.016843489161806,-2.016843489161806,-2.016843489161806,0.0,0.0,0.0,173.9125400601674
200,2022-11-15,176.16156626998833,166.81014290818788,184.3658184980208,176.16156626998833,176.16156626998833,-1.1118323366463798,-1.1118323366463798,-1.1118323366463798,-1.1118323366463798,-1.1118323366463798,-1.1118323366463798,0.0,0.0,0.0,175.04973393334194
201,2022-11-16,176.39374899064745,166.29950013672948,183.5855776464738,176.39374899064745,176.39374899064745,-1.1516408624926164,-1.1516408624926164,-1.1516408624926164,-1.1516408624926164,-1.1516408624926164,-1.1516408624926164,0.0,0.0,0.0,175.24210812815483
202,2022-11-17,176.62593171130658,165.93253139063046,184.25677863266208,176.62593171130658,176.62593171130658,-1.5674611702378427,-1.5674611702378427,-1.5674611702378427,-1.5674611702378427,-1.5674611702378427,-1.5674611702378427,0.0,0.0,0.0,175.05847054106874
203,2022-11-18,176.8581144319657,166.38032877569114,184.59272568404958,176.8581144319657,176.8581144319657,-1.3803023533532461,-1.3803023533532461,-1.3803023533532461,-1.3803023533532461,-1.3803023533532461,-1.3803023533532461,0.0,0.0,0.0,175.47781207861246
204,2022-11-21,177.55466259394308,166.39278399344295,184.95891889146688,177.55466259394308,177.55466259394308,-2.0168434891650056,-2.0168434891650056,-2.0168434891650056,-2.0168434891650056,-2.0168434891650056,-2.0168434891650056,0.0,0.0,0.0,175.53781910477807
205,2022-11-22,177.7868453146022,167.89925583830606,185.37590824702764,177.7868453146022,177.7868453146022,-1.1118323366447642,-1.1118323366447642,-1.1118323366447642,-1.1118323366447642,-1.1118323366447642,-1.1118323366447642,0.0,0.0,0.0,176.67501297795744
206,2022-11-23,178.0190280352613,168.2613440959169,186.116649692808,178.0190280352613,178.0190280352613,-1.1516408624912866,-1.1516408624912866,-1.1516408624912866,-1.1516408624912866,-1.1516408624912866,-1.1516408624912866,0.0,0.0,0.0,176.86738717277
207,2022-11-24,178.25121075592043,167.78973728165377,185.73850346253562,178.25121075592043,178.25121075592043,-1.567461170236343,-1.567461170236343,-1.567461170236343,-1.567461170236343,-1.567461170236343,-1.567461170236343,0.0,0.0,0.0,176.68374958568407
208,2022-11-25,178.48339347657955,168.4428230424603,185.38372579145957,178.48339347657955,178.48339347657955,-1.3803023533540746,-1.3803023533540746,-1.3803023533540746,-1.3803023533540746,-1.3803023533540746,-1.3803023533540746,0.0,0.0,0.0,177.10309112322548
209,2022-11-28,179.17994163855693,168.30018471348552,186.56868585762356,179.17994163855693,179.17994163855693,-2.0168434891513716,-2.0168434891513716,-2.0168434891513716,-2.0168434891513716,-2.0168434891513716,-2.0168434891513716,0.0,0.0,0.0,177.16309814940556
210,2022-11-29,179.41212435921605,169.94840008544026,186.88926872288025,179.41212435921605,179.41212435921605,-1.1118323366431486,-1.1118323366431486,-1.1118323366431486,-1.1118323366431486,-1.1118323366431486,-1.1118323366431486,0.0,0.0,0.0,178.3002920225729
211,2022-11-30,179.64430707987518,169.98093413210853,187.89486000577324,179.64430707987518,179.64430707987518,-1.1516408624926249,-1.1516408624926249,-1.1516408624926249,-1.1516408624926249,-1.1516408624926249,-1.1516408624926249,0.0,0.0,0.0,178.49266621738255
212,2022-12-01,179.8764898005343,169.357342819181,187.54583931391767,179.8764898005343,179.8764898005343,-1.5674611702418935,-1.5674611702418935,-1.5674611702418935,-1.5674611702418935,-1.5674611702418935,-1.5674611702418935,0.0,0.0,0.0,178.3090286302924
213,2022-12-02,180.10867252119343,169.72846149970164,187.69783214905647,180.10867252119343,180.10867252119343,-1.3803023533499972,-1.3803023533499972,-1.3803023533499972,-1.3803023533499972,-1.3803023533499972,-1.3803023533499972,0.0,0.0,0.0,178.72837016784342
214,2022-12-05,180.80522068317077,170.4637219390828,187.08645925485726,180.80522068317077,180.80522068317077,-2.0168434891576754,-2.0168434891576754,-2.0168434891576754,-2.0168434891576754,-2.0168434891576754,-2.0168434891576754,0.0,0.0,0.0,178.7883771940131
215,2022-12-06,181.0374034038299,171.35962977990053,189.62607568754368,181.0374034038299,181.0374034038299,-1.1118323366424532,-1.1118323366424532,-1.1118323366424532,-1.1118323366424532,-1.1118323366424532,-1.1118323366424532,0.0,0.0,0.0,179.92557106718743
216,2022-12-07,181.26958612448902,171.1752687752593,188.80776630851295,181.26958612448902,181.26958612448902,-1.1516408624910723,-1.1516408624910723,-1.1516408624910723,-1.1516408624910723,-1.1516408624910723,-1.1516408624910723,0.0,0.0,0.0,180.11794526199796
217,2022-12-08,181.50176884514815,170.8292409405221,189.49564564285103,181.50176884514815,181.50176884514815,-1.5674611702403942,-1.5674611702403942,-1.5674611702403942,-1.5674611702403942,-1.5674611702403942,-1.5674611702403942,0.0,0.0,0.0,179.93430767490776
218,2022-12-09,181.73395156580727,171.86487025566814,189.50910709800277,181.73395156580727,181.73395156580727,-1.3803023533622252,-1.3803023533622252,-1.3803023533622252,-1.3803023533622252,-1.3803023533622252,-1.3803023533622252,0.0,0.0,0.0,180.35364921244505
219,2022-12-12,182.43049972778465,171.52420416836418,189.43900163972936,182.43049972778465,182.43049972778465,-2.0168434891577705,-2.0168434891577705,-2.0168434891577705,-2.0168434891577705,-2.0168434891577705,-2.0168434891577705,0.0,0.0,0.0,180.41365623862688
220,2022-12-13,182.66268244844375,173.4211213006081,190.78989708678142,182.66268244844375,182.66268244844375,-1.1118323366408376,-1.1118323366408376,-1.1118323366408376,-1.1118323366408376,-1.1118323366408376,-1.1118323366408376,0.0,0.0,0.0,181.5508501118029
221,2022-12-14,182.89486516910287,172.89409764084934,190.75492353739816,182.89486516910287,182.89486516910287,-1.151640862492411,-1.151640862492411,-1.151640862492411,-1.151640862492411,-1.151640862492411,-1.151640862492411,0.0,0.0,0.0,181.74322430661047
222,2022-12-15,183.127047889762,172.83405131320055,190.0015827163102,183.127047889762,183.127047889762,-1.567461170235684,-1.567461170235684,-1.567461170235684,-1.567461170235684,-1.567461170235684,-1.567461170235684,0.0,0.0,0.0,181.55958671952632
223,2022-12-16,183.35923061042112,172.89589244342775,190.7712912896305,183.35923061042112,183.35923061042112,-1.380302353358148,-1.380302353358148,-1.380302353358148,-1.380302353358148,-1.380302353358148,-1.380302353358148,0.0,0.0,0.0,181.97892825706296
224,2022-12-19,184.0557787723985,173.33849174987878,190.86140787217047,184.0557787723985,184.0557787723985,-2.0168434891578664,-2.0168434891578664,-2.0168434891578664,-2.0168434891578664,-2.0168434891578664,-2.0168434891578664,0.0,0.0,0.0,182.03893528324062
225,2022-12-20,184.28796149305762,173.82790653781169,192.5620531264886,184.28796149305762,184.28796149305762,-1.1118323366469665,-1.1118323366469665,-1.1118323366469665,-1.1118323366469665,-1.1118323366469665,-1.1118323366469665,0.0,0.0,0.0,183.17612915641067
226,2022-12-21,184.52014421371675,174.36814765621622,191.93033164668077,184.52014421371675,184.52014421371675,-1.1516408624923034,-1.1516408624923034,-1.1516408624923034,-1.1516408624923034,-1.1516408624923034,-1.1516408624923034,0.0,0.0,0.0,183.36850335122443
227,2022-12-22,184.75232693437587,173.9895860105265,191.6023331279873,184.75232693437587,184.75232693437587,-1.5674611702377093,-1.5674611702377093,-1.5674611702377093,-1.5674611702377093,-1.5674611702377093,-1.5674611702377093,0.0,0.0,0.0,183.18486576413815
228,2022-12-23,184.984509655035,174.65769963843263,192.86500231662802,184.984509655035,184.984509655035,-1.3803023533589764,-1.3803023533589764,-1.3803023533589764,-1.3803023533589764,-1.3803023533589764,-1.3803023533589764,0.0,0.0,0.0,183.604207301676
229,2022-12-26,185.68105781701237,175.29267070004903,192.96478150168002,185.68105781701237,185.68105781701237,-2.0168434891641693,-2.0168434891641693,-2.0168434891641693,-2.0168434891641693,-2.0168434891641693,-2.0168434891641693,0.0,0.0,0.0,183.6642143278482
230,2022-12-27,185.9132405376715,175.98372293105868,193.20697844130447,185.9132405376715,185.9132405376715,-1.1118323366453504,-1.1118323366453504,-1.1118323366453504,-1.1118323366453504,-1.1118323366453504,-1.1118323366453504,0.0,0.0,0.0,184.80140820102613
231,2022-12-28,186.14542325833062,175.95814198077522,193.86920966043644,186.14542325833062,186.14542325833062,-1.1516408624921965,-1.1516408624921965,-1.1516408624921965,-1.1516408624921965,-1.1516408624921965,-1.1516408624921965,0.0,0.0,0.0,184.99378239583842
232,2022-12-29,186.37760597898972,175.67951467017474,193.43532942541682,186.37760597898972,186.37760597898972,-1.5674611702397347,-1.5674611702397347,-1.5674611702397347,-1.5674611702397347,-1.5674611702397347,-1.5674611702397347,0.0,0.0,0.0,184.81014480874998
233,2022-12-30,186.60978869964885,177.27990670128594,194.55731901500494,186.60978869964885,186.60978869964885,-1.3803023533598051,-1.3803023533598051,-1.3803023533598051,-1.3803023533598051,-1.3803023533598051,-1.3803023533598051,0.0,0.0,0.0,185.22948634628904
234,2023-01-02,187.30633686162622,176.13435946297136,194.17273543671587,187.30633686162622,187.30633686162622,-2.0168434891642653,-2.0168434891642653,-2.0168434891642653,-2.0168434891642653,-2.0168434891642653,-2.0168434891642653,0.0,0.0,0.0,185.28949337246195
235,2023-01-03,187.53851958228535,177.42688585734675,195.230905603031,187.53851958228535,187.53851958228535,-1.1118323366446552,-1.1118323366446552,-1.1118323366446552,-1.1118323366446552,-1.1118323366446552,-1.1118323366446552,0.0,0.0,0.0,186.4266872456407
236,2023-01-04,187.77070230294447,177.10025108749565,195.33225790791067,187.77070230294447,187.77070230294447,-1.1516408624920897,-1.1516408624920897,-1.1516408624920897,-1.1516408624920897,-1.1516408624920897,-1.1516408624920897,0.0,0.0,0.0,186.61906144045238
237,2023-01-05,188.0028850236036,177.9593061988285,195.6798426414275,188.0028850236036,188.0028850236036,-1.5674611702314998,-1.5674611702314998,-1.5674611702314998,-1.5674611702314998,-1.5674611702314998,-1.5674611702314998,0.0,0.0,0.0,186.4354238533721
238,2023-01-06,188.23506774426272,178.08515468431472,196.1268617394187,188.23506774426272,188.23506774426272,-1.3803023533508216,-1.3803023533508216,-1.3803023533508216,-1.3803023533508216,-1.3803023533508216,-1.3803023533508216,0.0,0.0,0.0,186.8547653909119
239,2023-01-09,188.9316159062401,178.3661563684987,195.9517967711666,188.9316159062401,188.9316159062401,-2.0168434891674645,-2.0168434891674645,-2.0168434891674645,-2.0168434891674645,-2.0168434891674645,-2.0168434891674645,0.0,0.0,0.0,186.91477241707264
240,2023-01-10,189.16379862689922,179.10587872711713,196.51827182126766,189.16379862689922,189.16379862689922,-1.11183233664212,-1.11183233664212,-1.11183233664212,-1.11183233664212,-1.11183233664212,-1.11183233664212,0.0,0.0,0.0,188.0519662902571
241,2023-01-11,189.39598134755832,179.15038502146513,197.279498608615,189.39598134755832,189.39598134755832,-1.1516408624922054,-1.1516408624922054,-1.1516408624922054,-1.1516408624922054,-1.1516408624922054,-1.1516408624922054,0.0,0.0,0.0,188.24434048506612
242,2023-01-12,189.62816406821744,179.52356940649167,196.6187585505707,189.62816406821744,189.62816406821744,-1.5674611702370502,-1.5674611702370502,-1.5674611702370502,-1.5674611702370502,-1.5674611702370502,-1.5674611702370502,0.0,0.0,0.0,188.0607028979804
243,2023-01-13,189.86034678887657,179.3323214983305,196.90679983992666,189.86034678887657,189.86034678887657,-1.3803023533516503,-1.3803023533516503,-1.3803023533516503,-1.3803023533516503,-1.3803023533516503,-1.3803023533516503,0.0,0.0,0.0,188.48004443552492
244,2023-01-16,190.55689495085394,178.99004912954027,196.92712178917125,190.55689495085394,190.55689495085394,-2.0168434891538305,-2.0168434891538305,-2.0168434891538305,-2.0168434891538305,-2.0168434891538305,-2.0168434891538305,0.0,0.0,0.0,188.5400514617001
245,2023-01-17,190.78907767151307,180.94940433844505,198.1392311677498,190.78907767151307,190.78907767151307,-1.1118323366414236,-1.1118323366414236,-1.1118323366414236,-1.1118323366414236,-1.1118323366414236,-1.1118323366414236,0.0,0.0,0.0,189.67724533487166
246,2023-01-18,191.0212603921722,180.2216605131837,198.4622890366519,191.0212603921722,191.0212603921722,-1.1516408624920984,-1.1516408624920984,-1.1516408624920984,-1.1516408624920984,-1.1516408624920984,-1.1516408624920984,0.0,0.0,0.0,189.8696195296801
247,2023-01-19,191.25344311283132,181.62550986240515,198.28795129263136,191.25344311283132,191.25344311283132,-1.5674611702355505,-1.5674611702355505,-1.5674611702355505,-1.5674611702355505,-1.5674611702355505,-1.5674611702355505,0.0,0.0,0.0,189.68598194259576
248,2023-01-20,191.48562583349045,181.43979346554133,199.01978442062764,191.48562583349045,191.48562583349045,-1.3803023533475727,-1.3803023533475727,-1.3803023533475727,-1.3803023533475727,-1.3803023533475727,-1.3803023533475727,0.0,0.0,0.0,190.10532348014289
249,2023-01-21,191.71780855414954,186.6595060890395,204.10116210191077,191.71780855414954,191.71780855414954,3.6140400974449567,3.6140400974449567,3.6140400974449567,3.6140400974449567,3.6140400974449567,3.6140400974449567,0.0,0.0,0.0,195.3318486515945
250,2023-01-22,191.94999127480867,186.6449967504576,204.3226304294455,191.94999127480867,191.94999127480867,3.614040114443671,3.614040114443671,3.614040114443671,3.614040114443671,3.614040114443671,3.614040114443671,0.0,0.0,0.0,195.56403138925234
251,2023-01-23,192.1821739954678,181.9399411576621,199.12817475049272,192.1821739954678,192.18222750812257,-2.016843489160134,-2.016843489160134,-2.016843489160134,-2.016843489160134,-2.016843489160134,-2.016843489160134,0.0,0.0,0.0,190.16533050630767
252,2023-01-24,192.41435671612692,182.50581147268127,199.91891009055553,192.41395792099897,192.42020849091293,-1.1118323366407283,-1.1118323366407283,-1.1118323366407283,-1.1118323366407283,-1.1118323366407283,-1.1118323366407283,0.0,0.0,0.0,191.3025243794862
253,2023-01-25,192.64653943678604,182.5734360657455,200.00701860529279,192.63988356346545,192.66210290673322,-1.1516408624919916,-1.1516408624919916,-1.1516408624919916,-1.1516408624919916,-1.1516408624919916,-1.1516408624919916,0.0,0.0,0.0,191.49489857429404
254,2023-01-26,192.87872215744517,182.4727826678704,199.7327026794159,192.86177161685498,192.90560477997343,-1.567461170237576,-1.567461170237576,-1.567461170237576,-1.567461170237576,-1.567461170237576,-1.567461170237576,0.0,0.0,0.0,191.3112609872076
255,2023-01-27,193.11090487810432,182.6358762494573,201.1427887049111,193.07948430542956,193.1492539647804,-1.3803023533598007,-1.3803023533598007,-1.3803023533598007,-1.3803023533598007,-1.3803023533598007,-1.3803023533598007,0.0,0.0,0.0,191.7306025247445
256,2023-01-28,193.3430875987634,188.42398226407272,205.93818864560959,193.3004417618741,193.39865072786876,3.614040097437536,3.614040097437536,3.614040097437536,3.614040097437536,3.614040097437536,3.614040097437536,0.0,0.0,0.0,196.95712769620093
257,2023-01-29,193.57527031942254,188.89177034324007,206.1998634738574,193.5189763879598,193.64675895177135,3.61404011444642,3.61404011444642,3.61404011444642,3.61404011444642,3.61404011444642,3.61404011444642,0.0,0.0,0.0,197.18931043386897
258,2023-01-30,193.80745304008164,183.68381419112885,200.36826790108506,193.73209122007987,193.89729956368996,-2.01684348916023,-2.01684348916023,-2.01684348916023,-2.01684348916023,-2.01684348916023,-2.01684348916023,0.0,0.0,0.0,191.7906095509214
259,2023-01-31,194.03963576074077,183.99355415815822,201.8597210910404,193.94508746192048,194.14055376895539,-1.1118323366381926,-1.1118323366381926,-1.1118323366381926,-1.1118323366381926,-1.1118323366381926,-1.1118323366381926,0.0,0.0,0.0,192.92780342410256
260,2023-02-01,194.27181848139992,184.13930801008115,202.3553881576729,194.1572532477965,194.38903122180866,-1.1516408624906618,-1.1516408624906618,-1.1516408624906618,-1.1516408624906618,-1.1516408624906618,-1.1516408624906618,0.0,0.0,0.0,193.12017761890925
261,2023-02-02,194.50400120205904,184.0790643738536,201.55756576409487,194.36792875173836,194.63690110931384,-1.5674611702396015,-1.5674611702396015,-1.5674611702396015,-1.5674611702396015,-1.5674611702396015,-1.5674611702396015,0.0,0.0,0.0,192.93654003181945
262,2023-02-03,194.73618392271817,184.82004067496857,202.26058374436448,194.57625542504036,194.8960620423143,-1.3803023533557233,-1.3803023533557233,-1.3803023533557233,-1.3803023533557233,-1.3803023533557233,-1.3803023533557233,0.0,0.0,0.0,193.35588156936245
263,2023-02-04,194.9683666433773,189.23899946837315,208.12407758493046,194.78062157490646,195.15354675877046,3.6140400974441986,3.6140400974441986,3.6140400974441986,3.6140400974441986,3.6140400974441986,3.6140400974441986,0.0,0.0,0.0,198.58240674082148
264,2023-02-05,195.20054936403642,190.01112735963974,207.2510996071892,194.98397579828602,195.41015103226576,3.6140401144398253,3.6140401144398253,3.6140401144398253,3.6140401144398253,3.6140401144398253,3.6140401144398253,0.0,0.0,0.0,198.81458947847625
265,2023-02-06,195.43273208469554,184.88260072298436,202.37263436349593,195.1896228265727,195.67705561358503,-2.0168434891634295,-2.0168434891634295,-2.0168434891634295,-2.0168434891634295,-2.0168434891634295,-2.0168434891634295,0.0,0.0,0.0,193.41588859553212
266,2023-02-07,195.66491480535467,186.04269968213234,203.9989088797099,195.39556556142034,195.94574859469648,-1.1118323366452416,-1.1118323366452416,-1.1118323366452416,-1.1118323366452416,-1.1118323366452416,-1.1118323366452416,0.0,0.0,0.0,194.55308246870942
267,2023-02-08,195.89709752601377,186.0261625260717,203.70218970501276,195.59224576276597,196.2108384695525,-1.151640862492,-1.151640862492,-1.151640862492,-1.151640862492,-1.151640862492,-1.151640862492,0.0,0.0,0.0,194.74545666352176
268,2023-02-09,196.1292802466729,185.9008464070268,203.26754700383123,195.80376202557733,196.456708557914,-1.5674611702416268,-1.5674611702416268,-1.5674611702416268,-1.5674611702416268,-1.5674611702416268,-1.5674611702416268,0.0,0.0,0.0,194.56181907643128
269,2023-02-10,196.36146296733202,186.2405161130446,203.65776934332638,196.0134856838965,196.7035706111651,-1.380302353356552,-1.380302353356552,-1.380302353356552,-1.380302353356552,-1.380302353356552,-1.380302353356552,0.0,0.0,0.0,194.98116061397548
270,2023-02-11,196.59364568799114,190.95173600923363,209.137333241178,196.21571888874274,196.95966268586736,3.6140400974402294,3.6140400974402294,3.6140400974402294,3.6140400974402294,3.6140400974402294,3.6140400974402294,0.0,0.0,0.0,200.20768578543138
271,2023-02-12,196.82582840865027,191.52115576888244,209.23624868644688,196.405933436221,197.22013219478987,3.6140401144543493,3.6140401144543493,3.6140401144543493,3.6140401144543493,3.6140401144543493,3.6140401144543493,0.0,0.0,0.0,200.43986852310462
272,2023-02-13,197.05801112930934,185.8562381354676,204.7213195066384,196.60922745608346,197.4933995606825,-2.0168434891666287,-2.0168434891666287,-2.0168434891666287,-2.0168434891666287,-2.0168434891666287,-2.0168434891666287,0.0,0.0,0.0,195.0411676401427
273,2023-02-14,197.29019384996852,187.1065726281856,204.7976099920745,196.81031152120622,197.76269366210542,-1.1118323366436262,-1.1118323366436262,-1.1118323366436262,-1.1118323366436262,-1.1118323366436262,-1.1118323366436262,0.0,0.0,0.0,196.1783615133249
274,2023-02-15,197.52237657062759,187.75256445992846,205.71256803817158,197.01404933519217,198.02649170823454,-1.1516408624904475,-1.1516408624904475,-1.1516408624904475,-1.1516408624904475,-1.1516408624904475,-1.1516408624904475,0.0,0.0,0.0,196.37073570813715
275,2023-02-16,197.75455929128677,187.55394524185576,205.31013040200932,197.2151900436908,198.29690409434406,-1.5674611702401273,-1.5674611702401273,-1.5674611702401273,-1.5674611702401273,-1.5674611702401273,-1.5674611702401273,0.0,0.0,0.0,196.18709812104663
276,2023-02-17,197.98674201194584,187.03663826562683,205.65241766508518,197.41341147848848,198.56860525028313,-1.3803023533475676,-1.3803023533475676,-1.3803023533475676,-1.3803023533475676,-1.3803023533475676,-1.3803023533475676,0.0,0.0,0.0,196.60643965859828
277,2023-02-18,198.218924732605,193.12623738500548,210.50126205077433,197.6069526773615,198.8521632973114,3.614040097446893,3.614040097446893,3.614040097446893,3.614040097446893,3.614040097446893,3.614040097446893,0.0,0.0,0.0,201.83296483005188
278,2023-02-19,198.4511074532641,192.79114122115982,210.33948106074328,197.80324427101647,199.11698367554143,3.6140401144524263,3.6140401144524263,3.6140401144524263,3.6140401144524263,3.6140401144524263,3.6140401144524263,0.0,0.0,0.0,202.0651475677165
